mall_id,name,confidence_level,identity_status,selected_poi_name,selected_address,selected_poi_type,selected_lon_wgs84,selected_lat_wgs84,official_coord_evidence,identity_reasons,suspicious_reason
13,杭州嘉里城市之星,C,manual_review,杭州嘉里中心,延安路385号(凤起路地铁站C4口步行90米),购物服务;商场;购物中心,120.15782334,30.26262448,weak_or_disputed,name_match_weak|weak_or_disputed|not_available,review_required=1; confidence_level=C; review_status=needs_manual_review
77,宁波华侨城欢乐海岸PRO,C,manual_review,宁波华侨城欢乐海岸购物中心,浙江省宁波市鄞州区欢乐海岸路7号欢乐海岸广场59号,购物:综合商场:购物中心,121.5194943,29.82269861,multi_provider_agree,name_match_medium|multi_provider_agree|not_available,review_required=1; confidence_level=C; review_status=needs_manual_review
146,绍兴鹿山广场,C,manual_review,嵊州宝龙广场,浙江省绍兴市嵊州市剡湖街道鹿山路6-7号,购物:综合商场:购物中心,120.82277157,29.59212126,multi_provider_agree,name_match_weak|multi_provider_agree|not_available,review_required=1; confidence_level=C; review_status=needs_manual_review
173,杭州中南乐游城,C,manual_review,中南乐游城,江南大道1090号,购物服务;商场;购物中心,120.18578018,30.19670848,multi_provider_agree,name_match_medium|multi_provider_agree|not_available,review_required=1; confidence_level=C; review_status=needs_manual_review
195,温州苍南银泰城,C,manual_review,苍南银泰城,玉苍路1088号,购物服务;商场;购物中心,120.42205414,27.51226625,multi_provider_agree,name_match_medium|multi_provider_agree|not_available,review_required=1; confidence_level=C; review_status=needs_manual_review
202,温州大西洋银泰百货,C,manual_review,温州市瓯海区大西洋公共充电站(银泰百货),浙江省温州市瓯海区大西洋购物中心北广场停车场,汽车:加油站:充电站,120.60173309,27.96684467,weak_or_disputed,name_match_medium|weak_or_disputed|not_available,review_required=1; confidence_level=C; review_status=needs_manual_review
216,宁波世纪东方广场,C,manual_review,世纪东方广场,中山东路1086号一楼,购物服务;商场;购物中心,121.59082528,29.86411741,multi_provider_agree,name_match_medium|multi_provider_agree|not_available,review_required=1; confidence_level=C; review_status=needs_manual_review
222,杭州钱塘新区永旺梦乐城,C,manual_review,永旺梦乐城(杭州钱塘店),义蓬街道青六中路667号,购物服务;商场;购物中心,120.47877291,30.26531754,multi_provider_agree,name_match_medium|multi_provider_agree|not_available,review_required=1; confidence_level=C; review_status=needs_manual_review
311,金华义乌绿地朝阳门,C,manual_review,义乌绿地朝阳门商业中心,浙江省金华市义乌市市场路与城中中路交叉口(义乌朝阳门地标),购物:综合商场:购物中心,120.07482501,29.30564603,multi_provider_agree,name_match_medium|multi_provider_agree|not_available,review_required=1; confidence_level=C; review_status=needs_manual_review
373,杭州未来科技城万象商业,C,manual_review,杭州未来科技城万达广场,浙江省杭州市余杭区向往街与创景路交叉口东北,购物:综合商场:购物中心,119.99360055,30.28380699,multi_provider_agree,name_match_medium|multi_provider_agree|not_available,review_required=1; confidence_level=C; review_status=needs_manual_review
428,温州平阳银泰城,C,manual_review,平阳银泰城,鳌江镇车站大道1188号,购物服务;商场;购物中心,120.56238238,27.60542617,multi_provider_agree,name_match_medium|multi_provider_agree|not_available,review_required=1; confidence_level=C; review_status=needs_manual_review
433,龙湖杭州滨江天街I期,C,manual_review,龙湖杭州滨江天街,浙江省杭州市滨江区江汉路1515号(江汉路地铁站D口旁),购物:综合商场:购物中心,120.19955656,30.20324764,multi_provider_agree,name_match_medium|multi_provider_agree|not_available,review_required=1; confidence_level=C; review_status=needs_manual_review
439,杭州华元欢乐城,C,manual_review,华元欢乐城,浙江省杭州市临平区浙迎宾路和汀城路交叉口西北角,购物:综合商场:购物中心,120.29632736,30.39840046,multi_provider_agree,name_match_medium|multi_provider_agree|not_available,review_required=1; confidence_level=C; review_status=needs_manual_review
453,杭州富阳鹿山时代,C,manual_review,鹿山时代,浙江省杭州市富阳区江滨西大道181号,购物:综合商场:购物中心,119.93211555,30.02122283,multi_provider_agree,name_match_medium|multi_provider_agree|not_available,review_required=1; confidence_level=C; review_status=needs_manual_review
527,金华东阳银泰城,C,manual_review,东阳银泰城,白云街道兴平西路428号,购物服务;商场;购物中心,120.20409275,29.28714975,multi_provider_agree,name_match_medium|multi_provider_agree|not_available,review_required=1; confidence_level=C; review_status=needs_manual_review
554,宁波杭州湾奥特莱斯,C,manual_review,宁波杭州湾奥特莱斯店,浙江省宁波市慈溪市杭州湾大道与海寿路交叉口西南方向236米左右,购物:综合商场:购物中心,121.19737996,30.30490868,single_provider_strong,name_match_strong|single_provider_strong|not_available,review_required=1; confidence_level=C; review_status=needs_manual_review
580,杭州奥莱金街,C,manual_review,砂之船(杭州)奥莱,浙江省杭州市上城区四季青街道解放东路8号波浪文化城B1层,购物:综合商场:购物中心,120.20914177,30.2462891,weak_or_disputed,name_match_weak|weak_or_disputed|not_available,review_required=1; confidence_level=C; review_status=needs_manual_review
597,杭州华丰万象商业,C,manual_review,杭州亚奥万象天地,浙江省杭州市萧山区盈丰街道琮琮路华润置地亚奥城,购物:综合商场:购物中心,120.24483938,30.2575057,weak_or_disputed,name_match_weak|weak_or_disputed|not_available,review_required=1; confidence_level=C; review_status=needs_manual_review
647,杭州工联CC购物中心,C,manual_review,工联CC,浙江省杭州市上城区延安路292号,购物:综合商场:购物中心,120.15999524,30.25708598,multi_provider_agree,name_match_medium|multi_provider_agree|not_available,review_required=1; confidence_level=C; review_status=needs_manual_review
672,宁波宝龙一城,C,manual_review,宁波宝龙一城购物广场,浙江省宁波市鄞州区首南街道蝶缘路宁波南部商务区,购物:综合商场,121.54088048,29.80489515,single_provider_strong,name_match_strong|single_provider_strong|not_available,review_required=1; confidence_level=C; review_status=needs_manual_review
704,金华义乌之心城市生活广场,C,manual_review,义乌之心,工人西路9号,购物服务;商场;购物中心,120.06879192,29.3119897,multi_provider_agree,name_match_medium|multi_provider_agree|not_available,review_required=1; confidence_level=C; review_status=needs_manual_review
726,华润杭州城北项目,C,manual_review,杭州城北万象城,浙江省杭州市余杭区杭行路1499号,购物:综合商场:购物中心,120.10800624,30.35420756,weak_or_disputed,name_match_weak|weak_or_disputed|not_available,review_required=1; confidence_level=C; review_status=needs_manual_review
764,温州南虹广场,C,manual_review,乐清南虹广场,伯乐东路666号,购物服务;商场;购物中心|商务住宅;楼宇;商住两用楼宇,120.97866398,28.11355132,multi_provider_agree,name_match_weak|multi_provider_agree|not_available,review_required=1; confidence_level=C; review_status=needs_manual_review
780,绍兴新昌海洋城,C,manual_review,绍兴新昌万达广场,浙江省绍兴市新昌县鼓山西路256号,购物:综合商场:购物中心,120.87028793,29.50768747,multi_provider_agree,name_match_weak|multi_provider_agree|not_available,review_required=1; confidence_level=C; review_status=needs_manual_review
820,嘉兴桐乡东兴生活广场,C,manual_review,桐乡新城吾悦广场,浙江省嘉兴市桐乡市振兴东路439号,购物:综合商场:购物中心,120.58636857,30.63083362,weak_or_disputed,name_match_weak|weak_or_disputed|not_available,review_required=1; confidence_level=C; review_status=needs_manual_review
851,绿城·台州青悦城,C,manual_review,台州青悦城购物中心,葭沚街道和合社区中心大道555号,购物服务;商场;购物中心,121.40566823,28.66079523,multi_provider_agree,name_match_medium|multi_provider_agree|not_available,review_required=1; confidence_level=C; review_status=needs_manual_review
860,绍兴聚银时代广场,C,manual_review,聚银时代购物中心,浙江省绍兴市柯桥区时兴街,购物:综合商场:购物中心,120.48850319,30.08820354,multi_provider_agree,name_match_medium|multi_provider_agree|not_available,review_required=1; confidence_level=C; review_status=needs_manual_review
872,千岛湖银泰城(新城店),C,manual_review,千岛湖银泰城,千岛湖镇新安大街125号银泰城,购物服务;商场;普通商场,119.04581465,29.60631393,multi_provider_agree,name_match_medium|multi_provider_agree|not_available,review_required=1; confidence_level=C; review_status=needs_manual_review
912,绍兴蓝天·市心广场,C,manual_review,蓝天·市心广场,笛扬路1396(中国轻纺城地铁站B1口步行320米),购物服务;商场;购物中心,120.48621239,30.08851373,multi_provider_agree,name_match_medium|multi_provider_agree|not_available,review_required=1; confidence_level=C; review_status=needs_manual_review
969,慈溪爱琴海购物公园,C,manual_review,慈溪环创爱琴海购物中心,新城大道北路与北三环东路交汇处,购物服务;商场;普通商场,121.27249075,30.1977869,multi_provider_agree,name_match_medium|multi_provider_agree|not_available,review_required=1; confidence_level=C; review_status=needs_manual_review
970,杭州绿地艺尚魔方,C,manual_review,谋·立方,乔莫东路285号(翁梅地铁站A2口旁),购物服务;商场;商场,120.290927,30.36700378,multi_provider_agree,name_match_weak|multi_provider_agree|not_available,review_required=1; confidence_level=C; review_status=needs_manual_review
1012,宁波西子国际广场,C,manual_review,西子国际购物中心,外环东路8号,购物服务;商场;购物中心,121.43736868,29.3059036,multi_provider_agree,name_match_medium|multi_provider_agree|not_available,review_required=1; confidence_level=C; review_status=needs_manual_review
1047,湖州长兴万达广场,C,manual_review,长兴万达广场,浙江省湖州市长兴县永盛路与润兴路交叉口西南,购物:综合商场:购物中心,119.89871465,31.03831687,multi_provider_agree,name_match_medium|multi_provider_agree|not_available,review_required=1; confidence_level=C; review_status=needs_manual_review
1183,嘉兴海宁银泰城,C,manual_review,海宁银泰城,浙江省嘉兴市海宁市海昌南路363号,购物:综合商场:购物中心,120.68918434,30.50259154,multi_provider_agree,name_match_medium|multi_provider_agree|not_available,review_required=1; confidence_level=C; review_status=needs_manual_review
1199,杭州江南时代广场,C,manual_review,江南时代购物中心,余杭街道荆余路1号,购物服务;商场;商场,119.94624162,30.26186831,multi_provider_agree,name_match_medium|multi_provider_agree|not_available,review_required=1; confidence_level=C; review_status=needs_manual_review
1209,宁波海港城商业广场,C,manual_review,宁波海港城,浙江省宁波市象山县丹峰东路692号,购物:综合商场,121.8965877,29.48019707,single_provider_strong,name_match_strong|single_provider_strong|not_available,review_required=1; confidence_level=C; review_status=needs_manual_review
1216,衢州东方广场,C,manual_review,衢州新宏东方广场,浙江省衢州市柯城区彩虹路317号,购物:综合商场,118.89306544,28.9441385,multi_provider_agree,name_match_weak|multi_provider_agree|not_available,review_required=1; confidence_level=C; review_status=needs_manual_review
1252,杭州下沙奥特莱斯广场,C,manual_review,下沙奥特莱斯,文海北路1199号,购物服务;商场;购物中心,120.38015151,30.34751641,multi_provider_agree,name_match_medium|multi_provider_agree|not_available,review_required=1; confidence_level=C; review_status=needs_manual_review
1280,台州玉环万达广场,C,manual_review,玉环万达广场,浙江省台州市玉环市银湖大道北,购物:综合商场,121.2538385,28.22046379,multi_provider_agree,name_match_medium|multi_provider_agree|not_available,review_required=1; confidence_level=C; review_status=needs_manual_review
1282,金华金东吾悦广场,C,manual_review,义乌吾悦广场,浙江省金华市义乌市江东东路与宾王路交叉口东南侧,购物:综合商场:购物中心,120.10168684,29.30761636,multi_provider_agree,name_match_weak|multi_provider_agree|not_available,review_required=1; confidence_level=C; review_status=needs_manual_review
1288,杭州云城天街,C,manual_review,龙湖云城天街,浙江省杭州市余杭区访云街钱腾云都东侧,购物:综合商场:购物中心,119.97840878,30.29132978,weak_or_disputed,name_match_medium|weak_or_disputed|not_available,review_required=1; confidence_level=C; review_status=needs_manual_review
1311,杭州城南银泰城,C,manual_review,杭州城南银泰城,浙江省杭州市萧山区戴村镇弘学路戴村工业园区,购物:综合商场:购物中心,120.18647673,30.01960409,single_provider_strong,name_match_strong|single_provider_strong|not_available,review_required=1; confidence_level=C; review_status=needs_manual_review
1327,金华义乌新光汇,C,manual_review,新光汇购物中心,福田路6号,购物服务;商场;购物中心,120.10270846,29.32822826,multi_provider_agree,name_match_medium|multi_provider_agree|not_available,review_required=1; confidence_level=C; review_status=needs_manual_review
1392,绍兴万风新天地,C,manual_review,诸暨万风新天地,苎萝东路555号(诸暨气象局对面),购物服务;商场;购物中心,120.25962771,29.70407538,multi_provider_agree,name_match_medium|multi_provider_agree|not_available,review_required=1; confidence_level=C; review_status=needs_manual_review
1439,舟山新城宝龙广场,C,manual_review,舟山宝龙广场,定沈路699号,购物服务;商场;购物中心,122.20564901,29.99534427,multi_provider_agree,name_match_weak|multi_provider_agree|not_available,review_required=1; confidence_level=C; review_status=needs_manual_review
1509,杭州富阳东方茂,C,manual_review,东方茂,浙江省杭州市富阳区金桥北路1号,购物:综合商场:购物中心,119.92808426,30.05143548,multi_provider_agree,name_match_medium|multi_provider_agree|not_available,review_required=1; confidence_level=C; review_status=needs_manual_review
1526,台州中盛城市广场,C,manual_review,中盛城市广场,浙江省台州市路桥区路桥银座街508号,购物:综合商场:购物中心,121.37442376,28.58146378,multi_provider_agree,name_match_medium|multi_provider_agree|not_available,review_required=1; confidence_level=C; review_status=needs_manual_review
1542,温州欧洲城生活新天地,C,manual_review,木里木外(欧洲城生活新天地店),浙江省温州市鹿城区江滨西路355号欧洲城生活新天地F1,购物:家具家居建材:家具家居,120.66709244,28.02066099,weak_or_disputed,name_match_medium|weak_or_disputed|not_available,review_required=1; confidence_level=C; review_status=needs_manual_review
1590,湖州万达广场,C,manual_review,长兴万达广场,浙江省湖州市长兴县永盛路与润兴路交叉口西南,购物:综合商场:购物中心,119.89871465,31.03831687,multi_provider_agree,name_match_weak|multi_provider_agree|not_available,review_required=1; confidence_level=C; review_status=needs_manual_review
1595,杭州新天地购物中心,C,manual_review,新天地购物中心,长浜路718号(新天地街地铁站出入口步行110米),购物服务;商场;购物中心,120.17540851,30.32503252,multi_provider_agree,name_match_medium|multi_provider_agree|not_available,review_required=1; confidence_level=C; review_status=needs_manual_review
1608,绍兴嵊州吾悦广场,C,manual_review,嵊州吾悦广场,浙江省绍兴市嵊州市三江街道兴盛街666号,购物:综合商场:购物中心,120.81305754,29.57471009,multi_provider_agree,name_match_medium|multi_provider_agree|not_available,review_required=1; confidence_level=C; review_status=needs_manual_review
1619,绿城·诸暨青悦城,C,manual_review,诸暨青悦城,西施大街77号,购物服务;商场;普通商场,120.23186673,29.71510777,multi_provider_agree,name_match_medium|multi_provider_agree|not_available,review_required=1; confidence_level=C; review_status=needs_manual_review
1668,义乌新鸿奥特莱斯购物广场,C,manual_review,新鸿奥莱广场,商城大道和净居路交汇处,购物服务;商场;商场,120.06169058,29.3767411,multi_provider_agree,name_match_medium|multi_provider_agree|not_available,review_required=1; confidence_level=C; review_status=needs_manual_review
1676,湖州风华万达广场,C,manual_review,土家小院,浙江省湖州市吴兴区南太湖大道湖州风华万达广场,美食:农家菜,120.20811659,30.85750906,single_provider_strong,name_match_strong|single_provider_strong|not_available,review_required=1; confidence_level=C; review_status=needs_manual_review
1693,舟山凯虹广场(临城店),C,manual_review,小鹏汽车舟山凯虹广场体验中心,浙江省舟山市定海区海宇道111号,汽车:汽车销售,122.20601294,29.99183481,multi_provider_agree,name_match_weak|multi_provider_agree|not_available,review_required=1; confidence_level=C; review_status=needs_manual_review
1746,嘉兴海宁爱琴海购物公园,C,manual_review,海宁人民广场爱琴海购物公园,浙江省嘉兴市海宁市工人路85号,购物:综合商场:购物中心,120.687175,30.52949159,multi_provider_agree,name_match_medium|multi_provider_agree|not_available,review_required=1; confidence_level=C; review_status=needs_manual_review
1759,丽水南城万达广场,C,manual_review,丽水南城商贸中心,浙江省丽水市莲都区南明山街道绿谷大道309号国际车城6幢1层22-25号正东方向200米,购物:综合商场,119.85329958,28.41663941,multi_provider_agree,name_match_weak|multi_provider_agree|not_available,review_required=1; confidence_level=C; review_status=needs_manual_review
1790,杭州萧山开元广场,C,manual_review,萧山开元广场,市心南路1216号(曹家桥地铁站B口旁),购物服务;商场;购物中心,120.26221178,30.13768019,multi_provider_agree,name_match_medium|multi_provider_agree|not_available,review_required=1; confidence_level=C; review_status=needs_manual_review
1808,杭州NEO,C,manual_review,光良白酒(富亿NEO中心B座店),浙江省杭州市上城区笕桥街道富亿中心b座,购物:烟酒专卖,120.19979007,30.30112208,weak_or_disputed,name_match_medium|weak_or_disputed|not_available,review_required=1; confidence_level=C; review_status=needs_manual_review
1810,台州温岭宝龙广场,C,manual_review,温岭宝龙广场,城西街道中心大道520号,购物服务;商场;商场,121.33758565,28.4071228,multi_provider_agree,name_match_medium|multi_provider_agree|not_available,review_required=1; confidence_level=C; review_status=needs_manual_review
1869,宁波,C,manual_review,宁波天一广场,中山东路188号,购物服务;商场;购物中心,121.55007725,29.87202329,single_provider_strong,name_match_strong|single_provider_strong|not_available,review_required=1; confidence_level=C; review_status=needs_manual_review
1936,舟山临城万达广场,C,manual_review,舟山定海万达广场,浙江省舟山市定海区海天大道颐景华府对面,购物:综合商场:购物中心,122.17498039,29.99109642,weak_or_disputed,name_match_weak|weak_or_disputed|not_available,review_required=1; confidence_level=C; review_status=needs_manual_review
1946,金华婺城吾悦广场,C,manual_review,新城吾悦广场,浙江省金华市义乌市江东东路与宾王路交叉口东南侧,购物:综合商场:购物中心,120.10168684,29.30761636,multi_provider_agree,name_match_weak|multi_provider_agree|not_available,review_required=1; confidence_level=C; review_status=needs_manual_review
1949,杭州余之城,C,manual_review,余之城生活广场,浙江省杭州市临平区南苑街道迎宾路501号,购物:综合商场:购物中心,120.29889341,30.39620764,multi_provider_agree,name_match_medium|multi_provider_agree|not_available,review_required=1; confidence_level=C; review_status=needs_manual_review
1963,浙江桐庐银泰城,C,manual_review,桐庐银泰城,环城南路555号,购物服务;商场;购物中心|购物服务;商场;普通商场,119.70881881,29.79893978,multi_provider_agree,name_match_medium|multi_provider_agree|not_available,review_required=1; confidence_level=C; review_status=needs_manual_review
1997,绍兴上百·万悦城,C,manual_review,绍兴上虞上百万悦城,曹娥街道五星东路8号,购物服务;商场;普通商场,120.85696092,30.01865184,multi_provider_agree,name_match_medium|multi_provider_agree|not_available,review_required=1; confidence_level=C; review_status=needs_manual_review
2026,宁波联盛商业广场,C,manual_review,联盛广场B区,浙江省宁波市鄞州区钟公庙街道宁南北路1288号,购物:综合商场:购物中心,121.53665809,29.82679035,multi_provider_agree,name_match_weak|multi_provider_agree|not_available,review_required=1; confidence_level=C; review_status=needs_manual_review
2186,杭州万宝城万达广场,C,manual_review,杭州未来科技城万达广场,浙江省杭州市余杭区向往街与创景路交叉口东北,购物:综合商场:购物中心,119.99360055,30.28380699,weak_or_disputed,name_match_weak|weak_or_disputed|not_available,review_required=1; confidence_level=C; review_status=needs_manual_review
2270,嘉兴中润丽丰新天地,C,manual_review,丽丰新天地,浙江省嘉兴市南湖区龙凤路169号丽丰购物中心,购物:综合商场:购物中心,120.71735021,30.75431072,multi_provider_agree,name_match_medium|multi_provider_agree|not_available,review_required=1; confidence_level=C; review_status=needs_manual_review
2285,宁波余姚万象汇,C,manual_review,宁波余姚万象汇,城东路888号余姚五彩城,商务住宅;楼宇;楼宇相关,121.17531426,30.07029436,single_provider_strong,name_match_strong|single_provider_strong|not_available,review_required=1; confidence_level=C; review_status=needs_manual_review
2288,宁波银亿海尚广场,C,manual_review,赵一鸣省钱超市(浙江宁波银亿海尚广场店),浙江省宁波市镇海区骆驼街道三五路海尚广场,购物:其它购物,121.58794449,29.97308661,single_provider_strong,name_match_strong|single_provider_strong|not_available,review_required=1; confidence_level=C; review_status=needs_manual_review
2290,杭州高德置地广场,C,manual_review,高德置地广场,钱江新城解放东路45号(市民中心地铁站出入口旁),商务住宅;楼宇;商务写字楼,120.20377742,30.24571706,multi_provider_agree,name_match_medium|multi_provider_agree|not_available,review_required=1; confidence_level=C; review_status=needs_manual_review
2295,宁波镇海吾悦广场,C,manual_review,宁波新城吾悦广场,浙江省宁波市镇海区望海南路与永茂西路交汇处西北角,购物:综合商场:购物中心,121.59626253,29.9517856,multi_provider_agree,name_match_medium|multi_provider_agree|not_available,review_required=1; confidence_level=C; review_status=needs_manual_review
2366,宁波和义大道购物中心,C,manual_review,和义大道购物中心,和义路66号,购物服务;商场;购物中心,121.55123658,29.87621318,multi_provider_agree,name_match_medium|multi_provider_agree|not_available,review_required=1; confidence_level=C; review_status=needs_manual_review
2367,台州黄岩吾悦广场,C,manual_review,台州路桥吾悦广场,浙江省台州市路桥区腾达路527号,购物:综合商场:购物中心,121.37234223,28.59246459,weak_or_disputed,name_match_weak|weak_or_disputed|not_available,review_required=1; confidence_level=C; review_status=needs_manual_review
2427,宁波杭州湾利时广场,C,manual_review,杭州湾利时广场,浙江省宁波市慈溪市中兴一路6号,购物:综合商场:购物中心,121.2874237,30.29377126,multi_provider_agree,name_match_medium|multi_provider_agree|not_available,review_required=1; confidence_level=C; review_status=needs_manual_review
2434,台州天台祥生世纪广场,C,manual_review,祥生世纪广场,始丰街道康宁路5号,购物服务;商场;普通商场,120.98607105,29.16151205,multi_provider_agree,name_match_medium|multi_provider_agree|not_available,review_required=1; confidence_level=C; review_status=needs_manual_review
2435,绍兴嵊州和悦吾悦广场,C,manual_review,和悦时代广场,浙江省绍兴市嵊州市双塔路1888号,购物:综合商场:购物中心,120.8370524,29.604064,multi_provider_agree,name_match_medium|multi_provider_agree|not_available,review_required=1; confidence_level=C; review_status=needs_manual_review
2530,杭州K11,C,manual_review,杭州K11购物中心,浙江省杭州市上城区近江路与海潮路交叉口东南方向,购物:综合商场:购物中心,120.18273562,30.24378326,single_provider_strong,name_match_strong|single_provider_strong|not_available,review_required=1; confidence_level=C; review_status=needs_manual_review
2531,龙湖杭州富春湾新城天街,C,manual_review,富春湾新城龙湖天街,浙江省杭州市富阳区富春湾大道富阳区司法局春江司法所斜对面,购物:综合商场:购物中心,119.97473552,30.01724303,multi_provider_agree,name_match_medium|multi_provider_agree|not_available,review_required=1; confidence_level=C; review_status=needs_manual_review
2540,嵊州环球港,C,manual_review,嵊州国商购物广场,官河南路158号,购物服务;商场;购物中心,120.82281591,29.57600685,weak_or_disputed,name_match_weak|weak_or_disputed|not_available,review_required=1; confidence_level=C; review_status=needs_manual_review
2551,杭州崇贤招商花园城,C,manual_review,杭州城北招商花园城,浙江省杭州市临平区崇贤街道崇杭街777号,购物:综合商场:购物中心,120.15511319,30.3837553,multi_provider_agree,name_match_medium|multi_provider_agree|not_available,review_required=1; confidence_level=C; review_status=needs_manual_review
2576,温州瑞安万达广场,C,manual_review,温州龙湾万达广场,浙江省温州市龙湾区永定路1188号,购物:综合商场:购物中心,120.80757305,27.92340872,multi_provider_agree,name_match_weak|multi_provider_agree|not_available,review_required=1; confidence_level=C; review_status=needs_manual_review
2577,温州中庚·文创天地,C,manual_review,中庚漫游天地,仁汇路,购物服务;商场;商场,120.60567922,27.96553178,weak_or_disputed,name_match_medium|weak_or_disputed|not_available,review_required=1; confidence_level=C; review_status=needs_manual_review
2630,绍兴诸暨宝龙广场,C,manual_review,诸暨宝龙广场,艮塔西路122号,购物服务;商场;购物中心,120.199927,29.73129096,multi_provider_agree,name_match_medium|multi_provider_agree|not_available,review_required=1; confidence_level=C; review_status=needs_manual_review
2635,嘉兴桐乡万象汇,C,manual_review,桐乡万象汇,新永丰路398号,购物服务;商场;购物中心,120.55190736,30.6320649,multi_provider_agree,name_match_medium|multi_provider_agree|not_available,review_required=1; confidence_level=C; review_status=needs_manual_review
2664,宁波江北宝龙广场,C,manual_review,江北宝龙广场(暂停营业),康庄南路417号,购物服务;商场;商场,121.53405881,29.92488022,multi_provider_agree,name_match_medium|multi_provider_agree|not_available,review_required=1; confidence_level=C; review_status=needs_manual_review
2690,杭州西联广场,C,manual_review,西联广场DP-LIVE中心,东新路655号(西文街地铁站出入口步行280米),购物服务;商场;普通商场,120.16787259,30.31886423,multi_provider_agree,name_match_weak|multi_provider_agree|not_available,review_required=1; confidence_level=C; review_status=needs_manual_review
2713,宁波镇海银泰城,C,manual_review,银泰城,浙江省宁波市北仑区中河路399号,购物:综合商场:购物中心,121.82702101,29.89850027,multi_provider_agree,name_match_weak|multi_provider_agree|not_available,review_required=1; confidence_level=C; review_status=needs_manual_review
2719,宁波余姚众安广场,C,manual_review,余姚众安广场,新建北路217号,购物服务;商场;普通商场|购物服务;商场;购物中心,121.15521072,30.07434478,multi_provider_agree,name_match_medium|multi_provider_agree|not_available,review_required=1; confidence_level=C; review_status=needs_manual_review
2736,杭州地铁东城购物中心,C,manual_review,龙湖杭州国芳天街,九沙大道388号(客运中心地铁站D口步行490米),购物服务;商场;购物中心,120.26945943,30.31190808,weak_or_disputed,name_match_weak|weak_or_disputed|not_available,review_required=1; confidence_level=C; review_status=needs_manual_review
2754,湖州织里吾悦广场,C,manual_review,织里吾悦广场,浙江省湖州市吴兴区吴兴大道5005号,购物:综合商场:购物中心,120.23286305,30.86030534,multi_provider_agree,name_match_medium|multi_provider_agree|not_available,review_required=1; confidence_level=C; review_status=needs_manual_review
2756,金华兰溪宝龙广场,C,manual_review,兰溪宝龙广场,浙江省金华市兰溪市振兴路299号,购物:综合商场:购物中心,119.43626127,29.2134325,multi_provider_agree,name_match_medium|multi_provider_agree|not_available,review_required=1; confidence_level=C; review_status=needs_manual_review
2772,湖州吾悦广场,C,manual_review,湖州南浔吾悦广场,南林路与人瑞路交叉口,购物服务;商场;购物中心,120.40383468,30.86396339,multi_provider_agree,name_match_medium|multi_provider_agree|not_available,review_required=1; confidence_level=C; review_status=needs_manual_review
2798,杭州星光大道二期,C,manual_review,星光大道广场,浙江省杭州市滨江区江南大道228号,购物:综合商场,120.20388651,30.21142845,multi_provider_agree,name_match_medium|multi_provider_agree|not_available,review_required=1; confidence_level=C; review_status=needs_manual_review
2875,龙湖世茂下沙天街,C,manual_review,龙湖杭州钱湾天街(暂停营业),世茂江滨商业中心(下沙江滨地铁站C口步行290米),购物服务;商场;购物中心,120.37639473,30.28836106,weak_or_disputed,name_match_medium|weak_or_disputed|not_available,review_required=1; confidence_level=C; review_status=needs_manual_review
2899,华润杭州中心,C,manual_review,华润美多超市,浙江省杭州市拱墅区上塘街道霞湾巷71号锦鲤中心102室,购物:超市,120.14838781,30.29948581,weak_or_disputed,name_match_weak|weak_or_disputed|not_available,review_required=1; confidence_level=C; review_status=needs_manual_review
2969,绍兴钱清·金帝星隆城,C,manual_review,金帝柯桥星隆城,浙江省绍兴市柯桥区飞华大厦对面,购物:综合商场:购物中心,120.39287777,30.13152802,multi_provider_agree,name_match_medium|multi_provider_agree|not_available,review_required=1; confidence_level=C; review_status=needs_manual_review
2973,宁波海泉湾PLUS,C,manual_review,宁波海泉湾PLUS购物中心,浙江省宁波市慈溪市,购物:综合商场:购物中心,121.19677799,30.31686527,single_provider_strong,name_match_strong|single_provider_strong|not_available,review_required=1; confidence_level=C; review_status=needs_manual_review
3009,温州苍南宝龙广场,C,manual_review,苍南宝龙广场,浙江省温州市苍南县灵溪镇渎浦路78号,购物:综合商场:购物中心,120.43666712,27.52593192,multi_provider_agree,name_match_medium|multi_provider_agree|not_available,review_required=1; confidence_level=C; review_status=needs_manual_review
3025,宁波宏泰广场H99,C,manual_review,宏泰广场,浙江省宁波市鄞州区宁穿路1222号,购物:综合商场:购物中心,121.60850496,29.86237391,multi_provider_agree,name_match_weak|multi_provider_agree|not_available,review_required=1; confidence_level=C; review_status=needs_manual_review
3110,浙江临海台运广场,C,manual_review,台运广场,浙江省台州市临海市临海大道中1919号,购物:综合商场,121.19709585,28.88796789,multi_provider_agree,name_match_medium|multi_provider_agree|not_available,review_required=1; confidence_level=C; review_status=needs_manual_review
3137,金华金厦帝壹城,C,manual_review,金厦·帝壹城,浙江省金华市婺城区婺江东路188号金厦,购物:综合商场,119.65028823,29.10226467,multi_provider_agree,name_match_medium|multi_provider_agree|not_available,review_required=1; confidence_level=C; review_status=needs_manual_review
3138,绍兴东森商业广场,C,manual_review,东森商业广场,浙江省绍兴市上虞区延德路379号‌,购物:综合商场:购物中心,120.74812781,30.13326089,multi_provider_agree,name_match_medium|multi_provider_agree|not_available,review_required=1; confidence_level=C; review_status=needs_manual_review
3159,金华义乌佛堂宝龙广场,C,manual_review,义乌市·佛堂宝龙广场,浙江省金华市义乌市双峰路一区6幢,购物:综合商场:购物中心,120.015138,29.19403558,multi_provider_agree,name_match_medium|multi_provider_agree|not_available,review_required=1; confidence_level=C; review_status=needs_manual_review
3170,金华永盛购物广场,C,manual_review,金华永盛购物中心B馆,西市街159号,购物服务;商场;购物中心,119.64955202,29.10522562,multi_provider_agree,name_match_medium|multi_provider_agree|not_available,review_required=1; confidence_level=C; review_status=needs_manual_review
3178,杭州萧山义蓬购物中心,C,manual_review,杭州萧山义蓬迦特超市,浙江省杭州市钱塘区义蓬街道头蓬河西路60号头蓬农贸市场旁,购物:超市,120.50228439,30.31029758,single_provider_strong,name_match_strong|single_provider_strong|not_available,review_required=1; confidence_level=C; review_status=needs_manual_review
3189,杭州顺发旺角城新天地,C,manual_review,旺角城新天地,市心中路165号(杭发厂地铁站B口步行200米),购物服务;商场;商场,120.26077795,30.17176907,multi_provider_agree,name_match_medium|multi_provider_agree|not_available,review_required=1; confidence_level=C; review_status=needs_manual_review
3195,杭州融创文旅InS.Park,C,manual_review,杭州UUS PARK,昌达路111号,商务住宅;商务住宅相关;商务住宅相关,120.24933993,30.44553043,weak_or_disputed,name_match_weak|weak_or_disputed|not_available,review_required=1; confidence_level=C; review_status=needs_manual_review
3198,台州临海银泰城,C,manual_review,台州银泰城,浙江省台州市椒江区中心大道3899号,购物:综合商场:购物中心,121.39447462,28.62518172,weak_or_disputed,name_match_weak|weak_or_disputed|not_available,review_required=1; confidence_level=C; review_status=needs_manual_review
3219,杭州EFC欧美金融城,C,manual_review,欧美金融城(EFC),景兴路896号EFCLIVE欧美广场F1,商务住宅;楼宇;商住两用楼宇,119.99828337,30.28351976,weak_or_disputed,name_match_medium|weak_or_disputed|not_available,review_required=1; confidence_level=C; review_status=needs_manual_review
3246,杭州坤和万科·黄龙万科中心K-lab,C,manual_review,黄龙国际中心K-lab,浙江省杭州市西湖区学院路77号,购物:综合商场:购物中心,120.12416342,30.27804787,multi_provider_agree,name_match_medium|multi_provider_agree|not_available,review_required=1; confidence_level=C; review_status=needs_manual_review
3247,杭州西溪欢乐城,C,manual_review,华元西溪欢乐城,浙江省杭州市余杭区五常大道421号,购物:综合商场:购物中心,120.00783814,30.24332047,multi_provider_agree,name_match_medium|multi_provider_agree|not_available,review_required=1; confidence_level=C; review_status=needs_manual_review
3251,宁波涌金国际广场,C,manual_review,嘉润国际广场,浙江省宁波市慈溪市观海卫路586号,购物:综合商场:购物中心,121.39344785,30.16967794,weak_or_disputed,name_match_weak|weak_or_disputed|not_available,review_required=1; confidence_level=C; review_status=needs_manual_review
3262,杭州崇贤上亿广场,C,manual_review,崇贤上亿广场,浙江省杭州市临平区崇杭街745号,购物:综合商场:购物中心,120.15808396,30.38369076,multi_provider_agree,name_match_medium|multi_provider_agree|not_available,review_required=1; confidence_level=C; review_status=needs_manual_review
3271,金华新光太平洋购物广场一期,C,manual_review,新光黉门商厦,黉门广场前,购物服务;商场;普通商场,120.22742728,29.26525628,weak_or_disputed,name_match_weak|weak_or_disputed|not_available,review_required=1; confidence_level=C; review_status=needs_manual_review
3275,宁波周巷嘉悦购物广场,C,manual_review,嘉悦广场,镇东路589号,购物服务;商场;普通商场,121.13290766,30.1839954,multi_provider_agree,name_match_weak|multi_provider_agree|not_available,review_required=1; confidence_level=C; review_status=needs_manual_review
3289,台州复地吾悦广场,C,manual_review,台州路桥吾悦广场,浙江省台州市路桥区腾达路527号,购物:综合商场:购物中心,121.37234223,28.59246459,multi_provider_agree,name_match_weak|multi_provider_agree|not_available,review_required=1; confidence_level=C; review_status=needs_manual_review
3320,杭州西田城二期,C,manual_review,西田城购物中心二期,浙江省杭州市余杭区莫干山路1509号西田城购物中心C座,购物:综合商场:购物中心,120.08975844,30.34372998,multi_provider_agree,name_match_medium|multi_provider_agree|not_available,review_required=1; confidence_level=C; review_status=needs_manual_review
3343,杭州星光大道一期,C,manual_review,星光大道广场,浙江省杭州市滨江区江南大道228号,购物:综合商场,120.20388651,30.21142845,multi_provider_agree,name_match_medium|multi_provider_agree|not_available,review_required=1; confidence_level=C; review_status=needs_manual_review
3367,杭州中融蓝城Co.C理想城,C,manual_review,中融蓝城Co.C理想城生活艺术馆,之涵街与之浦路交叉口,科教文化服务;展览馆;展览馆|生活服务;生活服务场所;生活服务场所,120.1026787,30.17599726,weak_or_disputed,name_match_medium|weak_or_disputed|not_available,review_required=1; confidence_level=C; review_status=needs_manual_review
3382,杭州芳正国际广场,C,manual_review,杭州芳正广场,仁良路与燕湾路交叉口东南160米,购物服务;商场;商场,120.07070923,30.45393816,multi_provider_agree,name_match_weak|multi_provider_agree|not_available,review_required=1; confidence_level=C; review_status=needs_manual_review
3404,宁波前湾新区碧乐城,C,manual_review,宁波前湾新区,兴慈一路1号,商务住宅;产业园区;产业园区,121.31834413,30.29505483,weak_or_disputed,name_match_medium|weak_or_disputed|not_available,review_required=1; confidence_level=C; review_status=needs_manual_review
3417,宁波杭州湾合生新天地,C,manual_review,杭州湾,浙江省宁波市余姚市,地名地址:自然地名:河流,120.92661736,30.21414104,weak_or_disputed,name_match_weak|weak_or_disputed|not_available,review_required=1; confidence_level=C; review_status=needs_manual_review
3430,湖州鑫远•宝龙广场,C,manual_review,新天地商贸中心,红旗路66号,购物服务;商场;普通商场,120.09342511,30.86752394,weak_or_disputed,name_match_weak|weak_or_disputed|not_available,review_required=1; confidence_level=C; review_status=needs_manual_review
3445,温州华都天元广场,C,manual_review,华都·天元广场,飞虹南路555号,购物服务;商场;普通商场,121.03989567,28.20971554,multi_provider_agree,name_match_medium|multi_provider_agree|not_available,review_required=1; confidence_level=C; review_status=needs_manual_review
3451,杭州星汇城·星汇天地,C,manual_review,星汇天地,青山湖街道大园路123号,购物服务;商场;普通商场,119.82323073,30.2652539,multi_provider_agree,name_match_medium|multi_provider_agree|not_available,review_required=1; confidence_level=C; review_status=needs_manual_review
3454,金华涵碧紫金城,C,manual_review,涵碧·紫金城购物中心,多湖街道光南路999号,购物服务;商场;购物中心,119.6920704,29.10111311,multi_provider_agree,name_match_medium|multi_provider_agree|not_available,review_required=1; confidence_level=C; review_status=needs_manual_review
3458,杭州东站西子国际,C,manual_review,东站西子国际店,彭埠街道和兴路108号,购物服务;服装鞋帽皮具店;服装鞋帽皮具店,120.21380844,30.29878966,multi_provider_agree,name_match_medium|multi_provider_agree|not_available,review_required=1; confidence_level=C; review_status=needs_manual_review
3510,杭州宏丰生活广场,C,manual_review,宏丰生活广场,浙江省杭州市余杭区天目山路15号,购物:综合商场,120.02819561,30.24028534,multi_provider_agree,name_match_medium|multi_provider_agree|not_available,review_required=1; confidence_level=C; review_status=needs_manual_review
3523,杭州千岛湖银泰城,C,manual_review,千岛湖银泰城,千岛湖镇新安大街125号银泰城,购物服务;商场;普通商场,119.04581465,29.60631393,multi_provider_agree,name_match_medium|multi_provider_agree|not_available,review_required=1; confidence_level=C; review_status=needs_manual_review
3581,绍兴上百万和城,C,manual_review,上百万和城,市民大道688号,购物服务;商场;购物中心,120.87154964,30.03453006,multi_provider_agree,name_match_medium|multi_provider_agree|not_available,review_required=1; confidence_level=C; review_status=needs_manual_review
3596,杭州C+西嘉广场,C,manual_review,杭州大厦购物城C座,环城北路208号(武林广场地铁站B口步行360米),购物服务;商场;购物中心|购物服务;商场;普通商场,120.15613318,30.27662109,weak_or_disputed,name_match_weak|weak_or_disputed|not_available,review_required=1; confidence_level=C; review_status=needs_manual_review
3599,宁波宁海天悦广场,C,manual_review,新天悦广场,浙江省宁波市宁海县桃源街道气象北路天明湖公园,购物:综合商场,121.43152435,29.33443658,multi_provider_agree,name_match_medium|multi_provider_agree|not_available,review_required=1; confidence_level=C; review_status=needs_manual_review
3600,台州万嘉广场,C,manual_review,万嘉广场-1号门,浙江省台州市路桥区银安西街与银苑路交叉口西南方向98米左右,室内及附属设施:通行设施类:门/出入口,121.34992888,28.57114315,multi_provider_agree,name_match_weak|multi_provider_agree|not_available,review_required=1; confidence_level=C; review_status=needs_manual_review
3633,温州新希望立体城,C,manual_review,新希望立体城购物中心,浙江省温州市永嘉县环江大道立体城西侧,购物:综合商场:购物中心,120.68916359,28.04043874,multi_provider_agree,name_match_medium|multi_provider_agree|not_available,review_required=1; confidence_level=C; review_status=needs_manual_review
3652,绍兴佳源广场,C,manual_review,上虞佳源广场,伞城南路与百崧路交叉口西北140米,购物服务;商场;普通商场,120.83199104,30.0780709,multi_provider_agree,name_match_weak|multi_provider_agree|not_available,review_required=1; confidence_level=C; review_status=needs_manual_review
3702,丽水龙泉万达广场,C,manual_review,万达广场,浙江省丽水市龙泉市城东二路(龙泉第一中学东南侧约200米),购物:综合商场:购物中心,119.14379168,28.07111085,multi_provider_agree,name_match_medium|multi_provider_agree|not_available,review_required=1; confidence_level=C; review_status=needs_manual_review
3741,温州龙港置信财富广场,C,manual_review,龙港财富广场,泰安路22号,商务住宅;楼宇;商住两用楼宇|购物服务;商场;购物中心,120.54108997,27.58294218,multi_provider_agree,name_match_weak|multi_provider_agree|not_available,review_required=1; confidence_level=C; review_status=needs_manual_review
3760,杭州新天地G193广场,C,manual_review,杭州G193生活购物中心,浙江省杭州市拱墅区长浜路988号(新天地街地铁站B2口步行460米),购物:综合商场:购物中心,120.17485466,30.32758315,multi_provider_agree,name_match_medium|multi_provider_agree|not_available,review_required=1; confidence_level=C; review_status=needs_manual_review
3761,杭州北城上亿广场,C,manual_review,北城上亿广场,良渚街道逸盛路190号(逸盛路地铁站C口步行290米),购物服务;商场;购物中心,120.11223904,30.38014505,multi_provider_agree,name_match_medium|multi_provider_agree|not_available,review_required=1; confidence_level=C; review_status=needs_manual_review
3776,宁波舜大财富广场,C,manual_review,舜大·财富广场,健康路108号,购物服务;商场;购物中心,121.15004942,30.05515569,multi_provider_agree,name_match_medium|multi_provider_agree|not_available,review_required=1; confidence_level=C; review_status=needs_manual_review
3807,杭州七乐汇生活广场,C,manual_review,七乐汇生活广场,莫干山路969号(和睦地铁站E1口步行120米),购物服务;商场;普通商场,120.11525344,30.31033212,multi_provider_agree,name_match_medium|multi_provider_agree|not_available,review_required=1; confidence_level=C; review_status=needs_manual_review
3857,湖州广弘新天地,C,manual_review,广弘新天地,金象湖公园正对面,购物服务;商场;购物中心|商务住宅;商务住宅相关;商务住宅相关,120.41699854,30.85072146,multi_provider_agree,name_match_medium|multi_provider_agree|not_available,review_required=1; confidence_level=C; review_status=needs_manual_review
3863,杭州八佰伴（建德店）,C,manual_review,江和城购物中心,浙江省杭州市建德市江和路与荷映路交汇处北,购物:综合商场:购物中心,119.30762519,29.50319325,multi_provider_agree,name_match_weak|multi_provider_agree|not_available,review_required=1; confidence_level=C; review_status=needs_manual_review
3880,舟山海港城,C,manual_review,舟山宝龙广场,定沈路699号,购物服务;商场;购物中心,122.20564901,29.99534427,weak_or_disputed,name_match_weak|weak_or_disputed|not_available,review_required=1; confidence_level=C; review_status=needs_manual_review
3917,义乌绣湖里商业中心,C,manual_review,绣湖里商业中心,浙江省金华市义乌市绣湖西路清禾小区(建设三村小区西南),购物:综合商场,120.05687709,29.31124147,multi_provider_agree,name_match_medium|multi_provider_agree|not_available,review_required=1; confidence_level=C; review_status=needs_manual_review
3926,宁波宁海桃源广场,C,manual_review,宁海桃源广场,气象北路398号,购物服务;商场;普通商场,121.43058519,29.31642886,multi_provider_agree,name_match_medium|multi_provider_agree|not_available,review_required=1; confidence_level=C; review_status=needs_manual_review
3957,杭州玉长城商业广场,C,manual_review,玉长城商业广场,春秋北路271号,购物服务;商场;普通商场,119.93680543,30.06310579,multi_provider_agree,name_match_medium|multi_provider_agree|not_available,review_required=1; confidence_level=C; review_status=needs_manual_review
3958,宁波富邦城,C,manual_review,北仑富邦城,浙江省宁波市北仑区黄山路857号,购物:综合商场:购物中心,121.83970675,29.89644374,multi_provider_agree,name_match_medium|multi_provider_agree|not_available,review_required=1; confidence_level=C; review_status=needs_manual_review
3972,宁波骆驼印象城,C,manual_review,宁波骆驼印象汇,镇海大道397号,购物服务;商场;购物中心,121.56700047,29.96874966,multi_provider_agree,name_match_medium|multi_provider_agree|not_available,review_required=1; confidence_level=C; review_status=needs_manual_review
3983,杭州富春港恒太城,C,manual_review,富春·港恒太城,浙江省杭州市富阳区新登镇登城北路40号,购物:综合商场,119.73242497,29.97487169,multi_provider_agree,name_match_medium|multi_provider_agree|not_available,review_required=1; confidence_level=C; review_status=needs_manual_review
4001,宁波余姚宝龙广场,C,manual_review,余姚宝龙广场,朗霞街道晋涵路与迎霞北路交叉口,购物服务;商场;购物中心,121.13390065,30.15385589,weak_or_disputed,name_match_medium|weak_or_disputed|not_available,review_required=1; confidence_level=C; review_status=needs_manual_review
4005,宁波巴丽新地商业广场,C,manual_review,巴丽新地商业广场,钱湖北路(钱湖天地南面),购物服务;商场;商场,121.56488083,29.83253866,multi_provider_agree,name_match_medium|multi_provider_agree|not_available,review_required=1; confidence_level=C; review_status=needs_manual_review
4028,杭州滨江奥莱精选城市广场,C,manual_review,奥莱精选滨江城市广场,浙江省杭州市滨江区信诚路857号,购物:综合商场:购物中心,120.16410658,30.19596558,multi_provider_agree,name_match_medium|multi_provider_agree|not_available,review_required=1; confidence_level=C; review_status=needs_manual_review
4031,金华嘉泰·星悦城,C,manual_review,华为授权体验店(嘉泰星悦城),浙江省金华市兰溪市丹溪大道157号嘉泰新时代广场,购物:数码家电,119.44612789,29.21543174,multi_provider_agree,name_match_medium|multi_provider_agree|not_available,review_required=1; confidence_level=C; review_status=needs_manual_review
4063,湖州东城时代商业中心,C,manual_review,东城时代商业中心,浙江省湖州市德清县舞阳街与新丰路交叉口,购物:综合商场:购物中心,119.99550794,30.5398312,multi_provider_agree,name_match_medium|multi_provider_agree|not_available,review_required=1; confidence_level=C; review_status=needs_manual_review
4113,绍兴上虞佳源广场,C,manual_review,上虞佳源广场,伞城南路与百崧路交叉口西北140米,购物服务;商场;普通商场,120.83199104,30.0780709,multi_provider_agree,name_match_medium|multi_provider_agree|not_available,review_required=1; confidence_level=C; review_status=needs_manual_review
4143,义乌华润下车门项目,C,manual_review,下车门悦府物业服务中心,广场路58号,公司企业;公司;公司,120.0702323,29.30115436,weak_or_disputed,name_match_medium|weak_or_disputed|not_available,review_required=1; confidence_level=C; review_status=needs_manual_review
4147,嘉兴崇福风尚中心,C,manual_review,崇福风尚中心,崇福镇南津路飞虎四季城,购物服务;商场;购物中心,120.42888871,30.5234809,multi_provider_agree,name_match_medium|multi_provider_agree|not_available,review_required=1; confidence_level=C; review_status=needs_manual_review
4159,嘉兴南湖万朵城,C,manual_review,万朵城,浙江省嘉兴市南湖区商务大道与万兴路交叉口西南角,购物:综合商场:购物中心,120.77526301,30.72012263,multi_provider_agree,name_match_medium|multi_provider_agree|not_available,review_required=1; confidence_level=C; review_status=needs_manual_review
4166,杭州蜗牛广场二期炫蜗BOX,C,manual_review,炫蜗BOX,浙江省杭州市临平区运河街道东湖北路万悦城南区7-12号,购物:综合商场:购物中心,120.29481694,30.46112251,multi_provider_agree,name_match_medium|multi_provider_agree|not_available,review_required=1; confidence_level=C; review_status=needs_manual_review
4169,温州永嘉万潮广场,C,manual_review,永嘉万潮广场购物中心,上塘中心城区南城街道永兴路388号,购物服务;商场;购物中心,120.68507312,28.15077661,multi_provider_agree,name_match_medium|multi_provider_agree|not_available,review_required=1; confidence_level=C; review_status=needs_manual_review
4177,金华磐安宝龙广场,C,manual_review,磐安宝龙广场,浙江省金华市磐安县安文街道文明街首创商务酒店东北侧约150米,购物:综合商场,120.44181048,29.05698507,multi_provider_agree,name_match_medium|multi_provider_agree|not_available,review_required=1; confidence_level=C; review_status=needs_manual_review
4178,绍兴嵊州MAXI奥莱,C,manual_review,奥特莱斯名品百货,浙江省绍兴市嵊州市三江街道剡兴路1号中国领带城,购物:综合商场:购物中心,120.83111555,29.58650381,multi_provider_agree,name_match_weak|multi_provider_agree|not_available,review_required=1; confidence_level=C; review_status=needs_manual_review
4203,杭州泽怀广场,C,manual_review,杭州科技城宝龙广场,浙江省杭州市余杭区余杭塘路2853号,购物:综合商场:购物中心,119.98178019,30.28144587,weak_or_disputed,name_match_weak|weak_or_disputed|not_available,review_required=1; confidence_level=C; review_status=needs_manual_review
4204,湖州信业仁皇山生活广场,C,manual_review,湖盛仁皇山生活广场,仁皇山路355号,购物服务;商场;普通商场,120.08985071,30.897106,multi_provider_agree,name_match_medium|multi_provider_agree|not_available,review_required=1; confidence_level=C; review_status=needs_manual_review
4227,宁波银亿四明广场,C,manual_review,银亿·四明广场,南雷路,购物服务;商场;商场,121.1507548,30.04229505,multi_provider_agree,name_match_medium|multi_provider_agree|not_available,review_required=1; confidence_level=C; review_status=needs_manual_review
4235,宁波中体运动城,C,manual_review,中体运动城,万达广场云飞路809号,购物服务;购物相关场所;购物相关场所,121.52595071,29.91710701,weak_or_disputed,name_match_medium|weak_or_disputed|not_available,review_required=1; confidence_level=C; review_status=needs_manual_review
4268,杭州国大城市广场,C,manual_review,国大城市广场,延安路609号,购物服务;商场;普通商场,120.15775937,30.27191153,multi_provider_agree,name_match_medium|multi_provider_agree|not_available,review_required=1; confidence_level=C; review_status=needs_manual_review
4292,杭州丁兰广场,C,manual_review,西子丁兰广场,浙江省杭州市上城区大农港路1238号-1278号,购物:综合商场:购物中心,120.20246148,30.35193607,multi_provider_agree,name_match_weak|multi_provider_agree|not_available,review_required=1; confidence_level=C; review_status=needs_manual_review
4295,杭州萧山众安广场,C,manual_review,杭州萧山万象汇,金城路927号(人民广场地铁站A2口步行280米),购物服务;商场;购物中心,120.26422789,30.18432836,weak_or_disputed,name_match_weak|weak_or_disputed|not_available,review_required=1; confidence_level=C; review_status=needs_manual_review
4352,绍兴诸暨不夜城购物中心,C,manual_review,不夜城购物中心,浙江省绍兴市诸暨市高湖路88号,购物:综合商场:购物中心,120.26080977,29.71714515,multi_provider_agree,name_match_medium|multi_provider_agree|not_available,review_required=1; confidence_level=C; review_status=needs_manual_review
4370,杭州瓜沥七彩小镇,C,manual_review,杭州超盒算NB萧山瓜沥店,浙江省杭州市萧山区建设四路10680-10684号七彩小镇,购物:超市,120.45070747,30.19163166,multi_provider_agree,name_match_medium|multi_provider_agree|not_available,review_required=1; confidence_level=C; review_status=needs_manual_review
4446,嘉兴万联购物中心,C,manual_review,嘉兴嘉善万联恒太城,浙江省嘉兴市嘉善县嘉善大道601号,购物:综合商场:购物中心,120.92351877,30.82079836,multi_provider_agree,name_match_weak|multi_provider_agree|not_available,review_required=1; confidence_level=C; review_status=needs_manual_review
4461,衢州龙游东方广场,C,manual_review,龙游东方广场,人民南路143号,商务住宅;楼宇;商住两用楼宇|购物服务;商场;商场,119.16481374,29.02326795,multi_provider_agree,name_match_medium|multi_provider_agree|not_available,review_required=1; confidence_level=C; review_status=needs_manual_review
4485,杭州严州时代广场,C,manual_review,严州时代广场,浙江省杭州市建德市梅城镇严州时代商业中心,购物:综合商场:购物中心,119.49228435,29.54711396,multi_provider_agree,name_match_medium|multi_provider_agree|not_available,review_required=1; confidence_level=C; review_status=needs_manual_review
4505,金华万泰奥特莱斯（二期）,C,manual_review,金华万泰奥特莱斯,双迎小区,购物服务;商场;商场,119.55874497,29.08202211,single_provider_strong,name_match_strong|single_provider_strong|not_available,review_required=1; confidence_level=C; review_status=needs_manual_review
4508,杭州滨江-开元广场,C,manual_review,滨江开元广场,浙江省杭州市滨江区浦沿街道滨文路868号,购物:综合商场:购物中心,120.1300701,30.1710282,multi_provider_agree,name_match_medium|multi_provider_agree|not_available,review_required=1; confidence_level=C; review_status=needs_manual_review
4529,温州万鸿商业广场,C,manual_review,永嘉新鸿广场,浙江省温州市永嘉县东城街道镇前街3号,购物:综合商场:购物中心,120.69093866,28.15763574,weak_or_disputed,name_match_weak|weak_or_disputed|not_available,review_required=1; confidence_level=C; review_status=needs_manual_review
4565,嘉兴南湖天地,C,manual_review,南湖天地,南湖路171号,购物服务;商场;购物中心,120.76023283,30.75827315,multi_provider_agree,name_match_medium|multi_provider_agree|not_available,review_required=1; confidence_level=C; review_status=needs_manual_review
4610,舟山杉杉普陀天地奥特莱斯,C,manual_review,杉杉奥特莱斯广场,沙田街25号,购物服务;商场;商场,122.3205771,29.97797112,multi_provider_agree,name_match_medium|multi_provider_agree|not_available,review_required=1; confidence_level=C; review_status=needs_manual_review
4627,宁波恒一城市广场,C,manual_review,恒一城市MALL,浙江省宁波市海曙区碶闸街9号,购物:综合商场:购物中心,121.54862816,29.86799978,multi_provider_agree,name_match_medium|multi_provider_agree|not_available,review_required=1; confidence_level=C; review_status=needs_manual_review
4661,金华城北万固广场,C,manual_review,华为客户服务中心(万固广场),浙江省金华市婺城区迎宾大道699号万固广场1F115号铺位,生活服务:其它生活服务,119.64948083,29.13328544,multi_provider_agree,name_match_weak|multi_provider_agree|not_available,review_required=1; confidence_level=C; review_status=needs_manual_review
4664,杭州义桥星天地,C,manual_review,义桥星天地,浙江省杭州市萧山区义桥镇三汇路与油虎线交叉路口西南100米(义桥派出所南侧150米),购物:综合商场,120.19849663,30.07231434,multi_provider_agree,name_match_medium|multi_provider_agree|not_available,review_required=1; confidence_level=C; review_status=needs_manual_review
4676,台州锦江购物中心,C,manual_review,锦江购物中心,浙江省台州市温岭市锦屏路88号,购物:综合商场,121.38201763,28.38054996,multi_provider_agree,name_match_medium|multi_provider_agree|not_available,review_required=1; confidence_level=C; review_status=needs_manual_review
4690,杭州西田城一期,C,manual_review,西田城购物中心,良渚街道莫干山路1513号,购物服务;商场;购物中心|购物服务;商场;普通商场,120.0897124,30.34378398,multi_provider_agree,name_match_medium|multi_provider_agree|not_available,review_required=1; confidence_level=C; review_status=needs_manual_review
4749,宁波明海商业广场,C,manual_review,明海商业广场,浙江省宁波市镇海区西陆路127号12栋,购物:综合商场,121.61528451,29.92704355,multi_provider_agree,name_match_medium|multi_provider_agree|not_available,review_required=1; confidence_level=C; review_status=needs_manual_review
4761,杭州大江东新湾万驿广场,C,manual_review,杭州大江东宝龙广场,江东大道2333号(地铁7/8号线青六中路站A/E口旁),购物服务;商场;购物中心,120.49028854,30.30574423,weak_or_disputed,name_match_weak|weak_or_disputed|not_available,review_required=1; confidence_level=C; review_status=needs_manual_review
4769,杭州天空·藤集,C,manual_review,天空藤集,宇洲巷与邱桥路辅路交叉口西南100米,购物服务;商场;商场,120.03806141,30.29944956,multi_provider_agree,name_match_medium|multi_provider_agree|not_available,review_required=1; confidence_level=C; review_status=needs_manual_review
4796,宁波路劲新天地,C,manual_review,路劲新天地,大庆南路与生宝路交汇处(正大路地铁站C口步行350米),购物服务;商场;商场,121.55798492,29.88875996,multi_provider_agree,name_match_medium|multi_provider_agree|not_available,review_required=1; confidence_level=C; review_status=needs_manual_review
4845,宁波慈溪嘉润国际广场,C,manual_review,嘉润国际广场,观海卫路580号,购物服务;商场;购物中心,121.39363581,30.16970691,multi_provider_agree,name_match_medium|multi_provider_agree|not_available,review_required=1; confidence_level=C; review_status=needs_manual_review
4882,温州华侨城欢乐天地,C,manual_review,华侨城欢乐天地商场,高昂路与新桥创新路交叉口西南60米,购物服务;商场;商场,120.63473224,27.96951139,multi_provider_agree,name_match_medium|multi_provider_agree|not_available,review_required=1; confidence_level=C; review_status=needs_manual_review
4892,杭州力晶亲子智荟天地,C,manual_review,力晶亲子智荟天地,博学路618萧山科创中心A座3层,科教文化服务;培训机构;培训机构,120.26061651,30.18932647,weak_or_disputed,name_match_medium|weak_or_disputed|not_available,review_required=1; confidence_level=C; review_status=needs_manual_review
4895,宁波象山博浪恒太城,C,manual_review,博浪·海港城,丹峰东路与巨鹰路交叉口博浪·海港城1-4层,购物服务;商场;普通商场,121.89651367,29.48027003,multi_provider_agree,name_match_weak|multi_provider_agree|not_available,review_required=1; confidence_level=C; review_status=needs_manual_review
4899,金华新光太平洋购物广场二期,C,manual_review,新光太平洋购物广场-南2门,浙江省金华市东阳市Apple授权专营店,室内及附属设施:通行设施类:外部门,120.22564374,29.26232211,multi_provider_agree,name_match_medium|multi_provider_agree|not_available,review_required=1; confidence_level=C; review_status=needs_manual_review
4911,嘉兴恒隆·嘉荟生活广场,C,manual_review,恒隆·嘉荟城,浙江省嘉兴市平湖市兴平一路299号,购物:综合商场:购物中心,121.00102226,30.70999402,multi_provider_agree,name_match_medium|multi_provider_agree|not_available,review_required=1; confidence_level=C; review_status=needs_manual_review
4926,温州太平洋购物中心,C,manual_review,太平洋购物中心,振德东路288号,购物服务;商场;购物中心,120.33467015,27.64022541,multi_provider_agree,name_match_medium|multi_provider_agree|not_available,review_required=1; confidence_level=C; review_status=needs_manual_review
4968,杭州汇和城（城东店）,C,manual_review,汇和城购物中心,新风路619号,购物服务;商场;购物中心,120.20028775,30.2959634,multi_provider_agree,name_match_weak|multi_provider_agree|not_available,review_required=1; confidence_level=C; review_status=needs_manual_review
5010,绍兴新昌世贸广场,C,manual_review,新昌世贸广场,浙江省绍兴市新昌县鼓山东路196号,购物:综合商场:购物中心,120.89898297,29.50606161,multi_provider_agree,name_match_medium|multi_provider_agree|not_available,review_required=1; confidence_level=C; review_status=needs_manual_review
5021,嘉兴海宁西田城,C,manual_review,海宁西田城,浙江省嘉兴市海宁市联合路97号,购物:综合商场:购物中心,120.67933112,30.52213227,multi_provider_agree,name_match_medium|multi_provider_agree|not_available,review_required=1; confidence_level=C; review_status=needs_manual_review
5062,宁波颐高莱迪时尚广场,C,manual_review,莱迪数码时尚广场,江厦街道药行街169号亚细亚a座颐高莱迪时尚数码广场数码区,购物服务;家电电子卖场;数码电子|购物服务;服装鞋帽皮具店;品牌服装店|购物服务;商场;商场,121.54748126,29.86975743,multi_provider_agree,name_match_medium|multi_provider_agree|not_available,review_required=1; confidence_level=C; review_status=needs_manual_review
5065,杭州蜗牛广场一期嘉悦天地,C,manual_review,嘉丰万悦城蜗牛广场,浙江省杭州市临平区东湖北路496号,购物:综合商场:购物中心,120.2945212,30.46200175,weak_or_disputed,name_match_weak|weak_or_disputed|not_available,review_required=1; confidence_level=C; review_status=needs_manual_review
5090,温州置诚商业广场,C,manual_review,置诚广场,浙江省温州市永嘉县双塔路1669号,购物:综合商场:购物中心,120.63701144,28.04288688,multi_provider_agree,name_match_medium|multi_provider_agree|not_available,review_required=1; confidence_level=C; review_status=needs_manual_review
5098,杭州临安共富广场,C,manual_review,共富广场,城中街368号,购物服务;商场;商场,119.71569464,30.23355588,multi_provider_agree,name_match_medium|multi_provider_agree|not_available,review_required=1; confidence_level=C; review_status=needs_manual_review
5153,杭州江和美海洋生活广场,C,manual_review,江和美海洋生活广场,浙江省杭州市上城区四季青街道钱江新城三堡船闸东侧杭海路与运河东路交汇处,购物:综合商场,120.22300709,30.27098537,multi_provider_agree,name_match_medium|multi_provider_agree|not_available,review_required=1; confidence_level=C; review_status=needs_manual_review
5158,嘉兴渔里广场,C,manual_review,渔里广场,浙江省嘉兴市南湖区余新镇余北大街1204-1206号,购物:综合商场,120.78979204,30.67219394,multi_provider_agree,name_match_weak|multi_provider_agree|not_available,review_required=1; confidence_level=C; review_status=needs_manual_review
5169,嘉兴嘉凯城（崇福）城市客厅,C,manual_review,崇福嘉凯城·城市客厅,浙江省嘉兴市桐乡市崇福镇语溪大道528号,购物:综合商场:购物中心,120.42662078,30.5268318,multi_provider_agree,name_match_medium|multi_provider_agree|not_available,review_required=1; confidence_level=C; review_status=needs_manual_review
5183,杭州福雷德广场,C,manual_review,福雷德广场,浙江省杭州市钱塘区文泽路99号,购物:综合商场:购物中心,120.34218408,30.31900101,multi_provider_agree,name_match_medium|multi_provider_agree|not_available,review_required=1; confidence_level=C; review_status=needs_manual_review
5189,温州时尚港,C,manual_review,时尚港,温金路1000号,购物服务;商场;商场,120.58618608,28.03928066,multi_provider_agree,name_match_medium|multi_provider_agree|not_available,review_required=1; confidence_level=C; review_status=needs_manual_review
5225,金华义乌众安广场,C,manual_review,义乌众安广场,浙江省金华市义乌市城西街道雪峰西路1668号,购物:综合商场:购物中心,120.00444706,29.31000448,multi_provider_agree,name_match_medium|multi_provider_agree|not_available,review_required=1; confidence_level=C; review_status=needs_manual_review
5244,丽水青田之心城市生活广场,C,manual_review,青田之心,油竹街道石锦路399号,购物服务;商场;购物中心,120.31727491,28.1061041,multi_provider_agree,name_match_medium|multi_provider_agree|not_available,review_required=1; confidence_level=C; review_status=needs_manual_review
5252,金华大有天地,C,manual_review,新天地购物中心,浙江省金华市东阳市长安路190号,购物:综合商场,120.42374069,29.32405413,weak_or_disputed,name_match_weak|weak_or_disputed|not_available,review_required=1; confidence_level=C; review_status=needs_manual_review
5277,宁波大目湾奥特莱斯,C,manual_review,杉井奥特莱斯广场·宁波,春华路1399号,购物服务;商场;购物中心,121.44582629,29.86023378,multi_provider_agree,name_match_medium|multi_provider_agree|not_available,review_required=1; confidence_level=C; review_status=needs_manual_review
5315,台州东泰万华汇,C,manual_review,东泰·万华汇,浙江省台州市椒江区开发大道1500号,购物:综合商场,121.40232965,28.64170202,multi_provider_agree,name_match_medium|multi_provider_agree|not_available,review_required=1; confidence_level=C; review_status=needs_manual_review
5327,杭州七堡招商花园城,C,manual_review,杭州七堡花园城,浙江省杭州市上城区彭埠街道九和路583号,购物:综合商场:购物中心,120.23819463,30.30244031,multi_provider_agree,name_match_medium|multi_provider_agree|not_available,review_required=1; confidence_level=C; review_status=needs_manual_review
5380,绍兴万象更新场,C,manual_review,万象更新场·润樾山名邸营销中心,鹿湖庄路与马臻南路交汇处南侧约50米,生活服务;生活服务场所;生活服务场所,120.56020331,30.00209782,multi_provider_agree,name_match_medium|multi_provider_agree|not_available,review_required=1; confidence_level=C; review_status=needs_manual_review
5426,杭州嘉凯城（瓶仓大道）城市客厅,C,manual_review,新耀·城市客厅(余杭区),浙江省杭州市余杭区瓶窑镇瓶仓大道2号,购物:综合商场:购物中心,119.96827236,30.38090067,multi_provider_agree,name_match_medium|multi_provider_agree|not_available,review_required=1; confidence_level=C; review_status=needs_manual_review
5501,杭州砂之船奥特莱斯（解放东路店）,C,manual_review,砂之船(杭州)奥莱,浙江省杭州市上城区四季青街道解放东路8号波浪文化城B1层,购物:综合商场:购物中心,120.20914177,30.2462891,multi_provider_agree,name_match_medium|multi_provider_agree|not_available,review_required=1; confidence_level=C; review_status=needs_manual_review
5502,嘉兴嘉善万联恒太城,C,manual_review,万联恒太城,浙江省嘉兴市嘉善县嘉善大道601号,购物:综合商场:购物中心,120.92351877,30.82079836,multi_provider_agree,name_match_medium|multi_provider_agree|not_available,review_required=1; confidence_level=C; review_status=needs_manual_review
5524,杭州西溪·栖悦城奥特莱斯,C,manual_review,女洗手间(西溪天堂栖悦城奥特莱斯),浙江省杭州市西湖区紫金港路21号西溪天堂B1,基础设施:公共设施:公共厕所,120.08457503,30.26799447,multi_provider_agree,name_match_medium|multi_provider_agree|not_available,review_required=1; confidence_level=C; review_status=needs_manual_review
5557,宁波华晟樱花里,C,manual_review,樱花里,浙江省宁波市海曙区集士港镇布政西路万科金色城市对面,购物:综合商场,121.44153576,29.85529969,multi_provider_agree,name_match_weak|multi_provider_agree|not_available,review_required=1; confidence_level=C; review_status=needs_manual_review
5561,浙江台州黄岩天荟广场,C,manual_review,黄岩天荟广场,浙江省台州市黄岩区西城街道保利大国璟北侧西江华庭西侧,购物:综合商场,121.24953244,28.64682367,multi_provider_agree,name_match_medium|multi_provider_agree|not_available,review_required=1; confidence_level=C; review_status=needs_manual_review
5577,温州永润大悦里,C,manual_review,大悦里商业街,瓯北昌新路7号,购物服务;商场;购物中心|购物服务;特色商业街;特色商业街,120.64196444,28.04271894,multi_provider_agree,name_match_weak|multi_provider_agree|not_available,review_required=1; confidence_level=C; review_status=needs_manual_review
5620,金华横店缤纷城,C,manual_review,横店缤纷城,浙江省金华市东阳市康庄南街168号,购物:综合商场:购物中心,120.32007832,29.15084115,multi_provider_agree,name_match_medium|multi_provider_agree|not_available,review_required=1; confidence_level=C; review_status=needs_manual_review
5639,绍兴镜湖中新广场,C,manual_review,镜湖中新广场,浙江省绍兴市越城区灵芝街道洋江西路255号,购物:综合商场,120.58536736,30.05272868,multi_provider_agree,name_match_medium|multi_provider_agree|not_available,review_required=1; confidence_level=C; review_status=needs_manual_review
5654,杭州瓜沥商业中心,C,manual_review,金迪幸福里商业中心,浙江省杭州市萧山区党山镇为民路80号(瓜沥镇店),购物:综合商场:购物中心,120.51822743,30.16433148,weak_or_disputed,name_match_weak|weak_or_disputed|not_available,review_required=1; confidence_level=C; review_status=needs_manual_review
5691,宁波新世界甬宁天地,C,manual_review,宁波新世界广场,百丈路与镇安街交叉口北200米,商务住宅;楼宇;商住两用楼宇,121.55969172,29.86965967,multi_provider_agree,name_match_weak|multi_provider_agree|not_available,review_required=1; confidence_level=C; review_status=needs_manual_review
5705,湖州安吉万象世界购物中心,C,manual_review,安吉万象世界,天荒坪中路489号,购物服务;商场;购物中心|购物服务;商场;普通商场,119.68397793,30.63191973,multi_provider_agree,name_match_medium|multi_provider_agree|not_available,review_required=1; confidence_level=C; review_status=needs_manual_review
5714,台州路桥凤栖社区保利TOD商业,C,manual_review,凤栖村,浙江省台州市路桥区,地名地址:行政地名,121.32454507,28.57403215,multi_provider_agree,name_match_weak|multi_provider_agree|not_available,review_required=1; confidence_level=C; review_status=needs_manual_review
5736,嘉兴杭海万朵城,C,manual_review,杭海万朵城,许村镇人民大道2788号,购物服务;商场;普通商场,120.36120891,30.42659863,multi_provider_agree,name_match_medium|multi_provider_agree|not_available,review_required=1; confidence_level=C; review_status=needs_manual_review
5744,平阳万洋广场,C,manual_review,万洋广场,浙江省温州市平阳县海泽路a区1栋,购物:综合商场,120.66946229,27.66965646,multi_provider_agree,name_match_medium|multi_provider_agree|not_available,review_required=1; confidence_level=C; review_status=needs_manual_review
5750,温州龙港新鸿世纪广场,C,manual_review,新鸿世纪广场,龙金大道1688号,购物服务;商场;普通商场,120.52674289,27.55819052,multi_provider_agree,name_match_medium|multi_provider_agree|not_available,review_required=1; confidence_level=C; review_status=needs_manual_review
5783,温州泰顺多方城市广场,C,manual_review,温明医视光配镜中心,浙江省温州市泰顺县罗阳镇泰庆北路泰顺多方城市广场,购物:眼镜店,119.71054479,27.57005691,weak_or_disputed,name_match_medium|weak_or_disputed|not_available,review_required=1; confidence_level=C; review_status=needs_manual_review
5785,嘉兴润家广场,C,manual_review,润家商贸广场,浙江省嘉兴市海盐县环城南路与联翔路交叉口(客运中心正对面),购物:综合商场:购物中心,120.9054711,30.51529988,multi_provider_agree,name_match_weak|multi_provider_agree|not_available,review_required=1; confidence_level=C; review_status=needs_manual_review
5864,嘉兴绿地新都会,C,manual_review,嘉兴恒恒照明工程有限公司,大桥镇三环东路嘉兴总部商务花园4号楼绿地新都会17A,公司企业;公司;公司,120.8151945,30.74175483,weak_or_disputed,name_match_medium|weak_or_disputed|not_available,review_required=1; confidence_level=C; review_status=needs_manual_review
5870,嘉兴大象世界购物广场,C,manual_review,新世界购物广场,振兴中路2号,购物服务;商场;商场,120.55565605,30.6320374,weak_or_disputed,name_match_medium|weak_or_disputed|not_available,review_required=1; confidence_level=C; review_status=needs_manual_review
5898,杭州亲橙里,C,manual_review,亲橙里购物中心,文一西路961号,购物服务;商场;普通商场,120.02501976,30.28362497,multi_provider_agree,name_match_medium|multi_provider_agree|not_available,review_required=1; confidence_level=C; review_status=needs_manual_review
5914,温州平阳中梁百悦广场,C,manual_review,中梁·百悦广场,浙江省温州市平阳县昆阳镇平海大道128号,购物:综合商场:购物中心,120.5728425,27.68369051,multi_provider_agree,name_match_medium|multi_provider_agree|not_available,review_required=1; confidence_level=C; review_status=needs_manual_review
5948,宁波银亿海德商业中心,C,manual_review,新海德广场,洪塘街道洪塘中路258号,购物服务;商场;购物中心,121.50447801,29.94349443,multi_provider_agree,name_match_weak|multi_provider_agree|not_available,review_required=1; confidence_level=C; review_status=needs_manual_review
5987,杭州临平星桥七彩星,C,manual_review,七彩星商业中心,星桥南路与天都路交叉口东南侧,购物服务;商场;普通商场,120.25785068,30.39024076,multi_provider_agree,name_match_medium|multi_provider_agree|not_available,review_required=1; confidence_level=C; review_status=needs_manual_review
5989,衢州常山德信杉杉天地,C,manual_review,常山杉杉天地,紫港街道杉杉天地2幢3层3004-3013、3037号,购物服务;商场;购物中心,118.53139321,28.90085061,multi_provider_agree,name_match_medium|multi_provider_agree|not_available,review_required=1; confidence_level=C; review_status=needs_manual_review
6000,金华浦江人民广场商厦,C,manual_review,浦江人民广场,浦阳街道和平北路77号,购物服务;商场;购物中心,119.88553176,29.46126885,multi_provider_agree,name_match_medium|multi_provider_agree|not_available,review_required=1; confidence_level=C; review_status=needs_manual_review
6066,瑞安宏地未来城,C,manual_review,易购超市,浙江省温州市瑞安市汀田街道镇中路宏地·未来城,购物:超市,120.70420513,27.7965588,weak_or_disputed,name_match_medium|weak_or_disputed|not_available,review_required=1; confidence_level=C; review_status=needs_manual_review
6078,丽水景宁东方广场,C,manual_review,景宁祥源商贸城,,购物服务;商场;商场,119.63278383,27.99555631,weak_or_disputed,name_match_weak|weak_or_disputed|not_available,review_required=1; confidence_level=C; review_status=needs_manual_review
6106,宁波荣安星光大道,C,manual_review,荣安•星光大道(广场),天童南路与句章东路交叉口东北200米,购物服务;商场;普通商场,121.54366027,29.7990458,multi_provider_agree,name_match_medium|multi_provider_agree|not_available,review_required=1; confidence_level=C; review_status=needs_manual_review
6115,金华和悦邻里中心,C,manual_review,金开·和悦邻里,苏孟乡后山路169号,购物服务;商场;商场,119.66290722,29.0591239,multi_provider_agree,name_match_medium|multi_provider_agree|not_available,review_required=1; confidence_level=C; review_status=needs_manual_review
6138,杭州莱蒙商业中心,C,manual_review,莱蒙商业中心,浙江省杭州市临平区藕花洲大街303号,购物:综合商场:购物中心,120.29385966,30.41729449,multi_provider_agree,name_match_medium|multi_provider_agree|not_available,review_required=1; confidence_level=C; review_status=needs_manual_review
6148,绍兴首越·和天地商业中心,C,manual_review,和天地商业中心,浙江省绍兴市柯桥区华舍街道育才路群贤府御园旁,购物:综合商场:购物中心,120.49272967,30.11032287,multi_provider_agree,name_match_weak|multi_provider_agree|not_available,review_required=1; confidence_level=C; review_status=needs_manual_review
6160,杭州星光城,C,manual_review,星光城W500,浙江省杭州市西湖区文三路500号,购物:综合商场,120.11566983,30.27967487,multi_provider_agree,name_match_medium|multi_provider_agree|not_available,review_required=1; confidence_level=C; review_status=needs_manual_review
6163,杭州嘉凯城（塘栖）城市客厅,C,manual_review,嘉凯城城市客厅,市场路与桐千路交叉口南100米,购物服务;商场;普通商场,119.61413765,29.84382282,multi_provider_agree,name_match_medium|multi_provider_agree|not_available,review_required=1; confidence_level=C; review_status=needs_manual_review
6170,杭州桐庐利时广场,C,manual_review,桐庐利时广场,迎春南路666号,购物服务;商场;购物中心,119.68083712,29.80193528,multi_provider_agree,name_match_medium|multi_provider_agree|not_available,review_required=1; confidence_level=C; review_status=needs_manual_review
6189,嘉兴乐活秀MALL,C,manual_review,乐活广场,浙江省嘉兴市海宁市海宁大道与江南大道交叉口东南角,购物:综合商场:购物中心,120.67197741,30.49439971,multi_provider_agree,name_match_weak|multi_provider_agree|not_available,review_required=1; confidence_level=C; review_status=needs_manual_review
6193,温州奥玛尔国际购物中心,C,manual_review,海滨奥玛尔国际购物中心东南,浙江省温州市龙湾区永强路与海宁路交叉口正西方向240米左右,购物:其它购物,120.83019183,27.91928705,weak_or_disputed,name_match_medium|weak_or_disputed|not_available,review_required=1; confidence_level=C; review_status=needs_manual_review
6228,绍兴万安·煦途广场,C,manual_review,万安·煦途城市生活广场,店口镇万安北路,购物服务;商场;普通商场,120.34339281,29.93858116,multi_provider_agree,name_match_medium|multi_provider_agree|not_available,review_required=1; confidence_level=C; review_status=needs_manual_review
6233,宁波1872招商花园坊,C,manual_review,1872·花园坊,湾头路460号,购物服务;商场;购物中心,121.54947013,29.90611236,multi_provider_agree,name_match_medium|multi_provider_agree|not_available,review_required=1; confidence_level=C; review_status=needs_manual_review
6305,台州台运靖江中心,C,manual_review,台运靖江中心,靖江社区柏叶西路123号,商务住宅;楼宇;商务写字楼|购物服务;购物相关场所;购物相关场所,121.1383016,28.85337215,multi_provider_agree,name_match_medium|multi_provider_agree|not_available,review_required=1; confidence_level=C; review_status=needs_manual_review
6356,温州美美时尚广场,C,manual_review,美美时尚广场,浙江省温州市鹿城区鹿城路42号,购物:综合商场:购物中心,120.64095324,28.01366448,multi_provider_agree,name_match_medium|multi_provider_agree|not_available,review_required=1; confidence_level=C; review_status=needs_manual_review
6382,杭州万科杭行荟Mo-Mall,C,manual_review,杭行荟Mo-Mall,浙江省杭州市余杭区祥运路与上祥路交叉口西南角,购物:综合商场,120.11292766,30.34014716,multi_provider_agree,name_match_medium|multi_provider_agree|not_available,review_required=1; confidence_level=C; review_status=needs_manual_review
6397,杭州苕溪时代生活广场,C,manual_review,苕溪·时代生活广场,苕溪北街1166号,购物服务;商场;普通商场,119.68747022,30.23655561,multi_provider_agree,name_match_medium|multi_provider_agree|not_available,review_required=1; confidence_level=C; review_status=needs_manual_review
6408,台州星悦·西城广场,C,manual_review,星悦·西城广场,西区大道103号,购物服务;商场;普通商场,121.35582879,29.11563389,multi_provider_agree,name_match_medium|multi_provider_agree|not_available,review_required=1; confidence_level=C; review_status=needs_manual_review
6460,台州玉环印象广场,C,manual_review,深蓝汽车台州玉环印象广场店,浙江省台州市玉环市方林汽车城B区15号,汽车:汽车销售,121.22883126,28.21424885,single_provider_strong,name_match_strong|single_provider_strong|not_available,review_required=1; confidence_level=C; review_status=needs_manual_review
6484,杭州朝龙汇D+PARK,C,manual_review,朝龙汇D+PARK,民和路886号(钱江世纪城地铁站E2口步行80米),购物服务;商场;购物中心,120.23951494,30.24198831,multi_provider_agree,name_match_medium|multi_provider_agree|not_available,review_required=1; confidence_level=C; review_status=needs_manual_review
6498,杭州303生活广场,C,manual_review,303生活广场,厚仁路313号,购物服务;商场;购物中心,120.07322181,30.33546303,multi_provider_agree,name_match_medium|multi_provider_agree|not_available,review_required=1; confidence_level=C; review_status=needs_manual_review
6515,绍兴诸暨奥特莱斯,C,manual_review,中意奥特莱斯,浙江省绍兴市柯桥区马鞍街道园驾桥东路,购物:综合商场:购物中心,120.59305602,30.14326287,multi_provider_agree,name_match_medium|multi_provider_agree|not_available,review_required=1; confidence_level=C; review_status=needs_manual_review
6573,绍兴星潮广场,C,manual_review,星潮广场,浙江省绍兴市越城区马山街道群贤路与越安北路交叉口,购物:综合商场:购物中心,120.63612212,30.0630206,multi_provider_agree,name_match_weak|multi_provider_agree|not_available,review_required=1; confidence_level=C; review_status=needs_manual_review
6576,舟山百悦生活广场,C,manual_review,百悦生活广场,定海解放西路106号,购物服务;商场;普通商场,122.0992065,30.01818505,multi_provider_agree,name_match_medium|multi_provider_agree|not_available,review_required=1; confidence_level=C; review_status=needs_manual_review
6601,衢州国金中心,C,manual_review,国金中心,南街2号,购物服务;商场;商场,118.86680579,28.96246956,multi_provider_agree,name_match_medium|multi_provider_agree|not_available,review_required=1; confidence_level=C; review_status=needs_manual_review
6658,杭州和达城,C,manual_review,文泽和达城,2号大街与5号大街交界处西南方,购物服务;商场;商场,120.34316432,30.31147622,multi_provider_agree,name_match_medium|multi_provider_agree|not_available,review_required=1; confidence_level=C; review_status=needs_manual_review
6665,绍兴金科时代潮城,C,manual_review,时代潮城,浙江省绍兴市上虞区市民大道621号,购物:综合商场,120.87034415,30.03628478,multi_provider_agree,name_match_medium|multi_provider_agree|not_available,review_required=1; confidence_level=C; review_status=needs_manual_review
6759,杭州领航汇,C,manual_review,领航汇,建设四路与博奥路交叉口东南120米,购物服务;商场;商场,120.23980964,30.21265126,multi_provider_agree,name_match_medium|multi_provider_agree|not_available,review_required=1; confidence_level=C; review_status=needs_manual_review
6771,绍兴上虞舜杰广场,C,manual_review,绍兴上虞时代广场,市民大道621号,购物服务;商场;普通商场,120.87248648,30.036768,weak_or_disputed,name_match_weak|weak_or_disputed|not_available,review_required=1; confidence_level=C; review_status=needs_manual_review
6823,杭州余杭七彩汇商业中心,C,manual_review,七彩汇商业中心,闲林街道闲富中路57号,购物服务;商场;购物中心,119.97996379,30.23301629,multi_provider_agree,name_match_medium|multi_provider_agree|not_available,review_required=1; confidence_level=C; review_status=needs_manual_review
6825,杭州德信空港城,C,manual_review,德信空港城,三新线新港村区域内(杭州地铁7号线新港站B口),商务住宅;楼宇;商住两用楼宇,120.40654799,30.22407952,multi_provider_agree,name_match_medium|multi_provider_agree|not_available,review_required=1; confidence_level=C; review_status=needs_manual_review
6863,台州温岭岭商天玺中心,C,manual_review,天玺电子烟,浙江省台州市温岭市岭商国际广场东100米(育英西路南商场内肯德基旁),购物:其它购物,121.59203662,28.35051075,multi_provider_agree,name_match_medium|multi_provider_agree|not_available,review_required=1; confidence_level=C; review_status=needs_manual_review
6869,绍兴蓝印滨海万达广场,C,manual_review,蓝印滨海万达销售招商中心,万达广场(绍兴滨海店),生活服务;生活服务场所;生活服务场所,120.70408918,30.22123004,multi_provider_agree,name_match_medium|multi_provider_agree|not_available,review_required=1; confidence_level=C; review_status=needs_manual_review
6872,杭州临安印象综合体,C,manual_review,杭州金沙印象城,浙江省杭州市钱塘区金沙大道97号,购物:综合商场:购物中心,120.3317652,30.31078824,weak_or_disputed,name_match_weak|weak_or_disputed|not_available,review_required=1; confidence_level=C; review_status=needs_manual_review
6875,台州天台文化中心宝龙天地,C,manual_review,天台文化中心岭商广场,天台山中路458号,购物服务;商场;购物中心,121.00236602,29.13808587,multi_provider_agree,name_match_weak|multi_provider_agree|not_available,review_required=1; confidence_level=C; review_status=needs_manual_review
6887,宁波亿彩购物中心,C,manual_review,亿彩购物中心,浙江省宁波市海曙区江厦街道药行街42号,购物:综合商场:购物中心,121.55267026,29.87024814,multi_provider_agree,name_match_weak|multi_provider_agree|not_available,review_required=1; confidence_level=C; review_status=needs_manual_review
6897,杭州水云和达城,C,manual_review,水云和达城,浙江省杭州市钱塘区下沙街道水云街255号,购物:综合商场,120.38542107,30.33156044,multi_provider_agree,name_match_medium|multi_provider_agree|not_available,review_required=1; confidence_level=C; review_status=needs_manual_review
6963,湖州德清八角井生活广场,C,manual_review,嘉豪·八角井生活广场,浙江省湖州市德清县春晖街80号,购物:综合商场:购物中心,119.95814896,30.54689754,multi_provider_agree,name_match_medium|multi_provider_agree|not_available,review_required=1; confidence_level=C; review_status=needs_manual_review
6967,杭州铂澜大象城,C,manual_review,铂澜大象城,文一路294号5楼508,购物服务;商场;购物中心|购物服务;商场;普通商场,120.11961063,30.29094751,multi_provider_agree,name_match_medium|multi_provider_agree|not_available,review_required=1; confidence_level=C; review_status=needs_manual_review
7005,杭州建德恒太城,C,manual_review,建德恒太城,严东关路新南北盛德国际广场4幢,购物服务;商场;普通商场,119.27216842,29.47364907,multi_provider_agree,name_match_medium|multi_provider_agree|not_available,review_required=1; confidence_level=C; review_status=needs_manual_review
7073,杭州星耀城二期城市生活广场,C,manual_review,星耀城二期城市生活广场,江陵路1916号(江陵路地铁站A口步行130米),购物服务;商场;商场,120.21195153,30.21402162,multi_provider_agree,name_match_medium|multi_provider_agree|not_available,review_required=1; confidence_level=C; review_status=needs_manual_review
7077,杭州万科姑娘桥TOD项目,C,manual_review,万科tod广场,杭行路与祥运路交叉口东南80米,购物服务;商场;购物中心,120.11228451,30.34033463,weak_or_disputed,name_match_weak|weak_or_disputed|not_available,review_required=1; confidence_level=C; review_status=needs_manual_review
7079,杭州绿城之江一号ONE,C,manual_review,睦邻社·之江艺墅荟,浙江省杭州市西湖区横桥路98号,购物:综合商场,120.06627868,30.16530833,multi_provider_agree,name_match_weak|multi_provider_agree|not_available,review_required=1; confidence_level=C; review_status=needs_manual_review
7084,宁波吉利·吉好,C,manual_review,吉利·吉好商业广场,浙江省宁波市慈溪市杭州湾李宁体育园西南(海沧路),购物:综合商场,121.22802372,30.32069634,multi_provider_agree,name_match_medium|multi_provider_agree|not_available,review_required=1; confidence_level=C; review_status=needs_manual_review
7091,龙湖杭州滨江天街II期,C,manual_review,龙湖杭州滨江天街,浙江省杭州市滨江区江汉路1515号(江汉路地铁站D口旁),购物:综合商场:购物中心,120.19955656,30.20324764,multi_provider_agree,name_match_medium|multi_provider_agree|not_available,review_required=1; confidence_level=C; review_status=needs_manual_review
7102,嘉兴嘉凯城（新埭）城市客厅,C,manual_review,嘉凯城·城市客厅,浙江省嘉兴市平湖市新埭镇虹桥路669号,购物:综合商场:购物中心,121.07888717,30.82714037,multi_provider_agree,name_match_medium|multi_provider_agree|not_available,review_required=1; confidence_level=C; review_status=needs_manual_review
7142,杭州嘉凯城（横村）城市客厅,C,manual_review,嘉凯城·城市客厅,浙江省杭州市桐庐县横村镇桐千路828号,购物:综合商场,119.6142746,29.8438337,multi_provider_agree,name_match_medium|multi_provider_agree|not_available,review_required=1; confidence_level=C; review_status=needs_manual_review
7151,杭州鑫都汇城市生活广场,C,manual_review,鑫都汇·城市生活广场,浙江省杭州市滨江区西兴街道江陵路336号,购物:综合商场:购物中心,120.21418154,30.18522655,multi_provider_agree,name_match_medium|multi_provider_agree|not_available,review_required=1; confidence_level=C; review_status=needs_manual_review
7161,嘉兴新希望锦棠里·邻里中心,C,manual_review,新希望·锦棠里商业中心,城北路与三元路交叉口,购物服务;商场;商场,120.7367737,30.778943,multi_provider_agree,name_match_medium|multi_provider_agree|not_available,review_required=1; confidence_level=C; review_status=needs_manual_review
7165,温州桥下恒达广场,C,manual_review,恒达广场,浙江省温州市永嘉县永临大道与镇前街交叉口东南侧,购物:综合商场,120.55395062,28.16389741,multi_provider_agree,name_match_weak|multi_provider_agree|not_available,review_required=1; confidence_level=C; review_status=needs_manual_review
7202,金华南龙恒太城,C,manual_review,南龙·恒太城,浙江省金华市永康市解放街46号,购物:综合商场,120.02430273,28.90038648,multi_provider_agree,name_match_medium|multi_provider_agree|not_available,review_required=1; confidence_level=C; review_status=needs_manual_review
7205,杭州世茂缤谷,C,manual_review,世贸缤谷1号柜,世茂之西湖,商务住宅;楼宇;商务写字楼,120.14326765,30.19024744,multi_provider_agree,name_match_medium|multi_provider_agree|not_available,review_required=1; confidence_level=C; review_status=needs_manual_review
7218,宁波万科芝士公园,C,manual_review,芝士公园,浙江省宁波市海曙区灵桥路768号,购物:综合商场,121.55390217,29.86742048,multi_provider_agree,name_match_medium|multi_provider_agree|not_available,review_required=1; confidence_level=C; review_status=needs_manual_review
7283,杭州金地圈圈里,C,manual_review,圈圈里,下沙水云街与文淙北路交口,购物服务;商场;普通商场,120.38381414,30.33198127,multi_provider_agree,name_match_weak|multi_provider_agree|not_available,review_required=1; confidence_level=C; review_status=needs_manual_review
7290,杭州平安悦坊PACE,C,manual_review,悦坊,浙江省杭州市上城区民心路280号平安金融中心A座,购物:综合商场,120.20796953,30.25368104,multi_provider_agree,name_match_weak|multi_provider_agree|not_available,review_required=1; confidence_level=C; review_status=needs_manual_review
7334,龙湖绍兴华颐星悦荟,C,manual_review,龙湖绍兴镜湖天街,越西路919号,购物服务;商场;购物中心,120.55839391,30.03681776,multi_provider_agree,name_match_weak|multi_provider_agree|not_available,review_required=1; confidence_level=C; review_status=needs_manual_review
7355,杭州融创·乐融荟,C,manual_review,融创乐融荟,浙江省杭州市萧山区融创·东南海,购物:综合商场:购物中心,120.32866624,30.19873346,multi_provider_agree,name_match_medium|multi_provider_agree|not_available,review_required=1; confidence_level=C; review_status=needs_manual_review
7371,绍兴柯桥天虹购物中心,C,manual_review,华联国际商贸城(天虹商场),浙江省绍兴市柯桥区笛扬路1288号,购物:综合商场,120.48536136,30.08570924,multi_provider_agree,name_match_medium|multi_provider_agree|not_available,review_required=1; confidence_level=C; review_status=needs_manual_review
7389,台州盈联生活广场,C,manual_review,盈联生活广场,浙江省台州市路桥区路北街道银安街耀江广场,购物:超市,121.35792696,28.59151711,multi_provider_agree,name_match_medium|multi_provider_agree|not_available,review_required=1; confidence_level=C; review_status=needs_manual_review
7398,杭州融创钱江印,C,manual_review,水晶城购物中心,浙江省杭州市拱墅区上塘路458号,购物:综合商场:购物中心,120.14714466,30.30692779,weak_or_disputed,name_match_weak|weak_or_disputed|not_available,review_required=1; confidence_level=C; review_status=needs_manual_review
7399,嘉兴海宁万朵城,C,manual_review,万朵城,海昌南路555号,购物服务;商场;商场,120.68857023,30.49365427,multi_provider_agree,name_match_medium|multi_provider_agree|not_available,review_required=1; confidence_level=C; review_status=needs_manual_review
7402,宁波江荟151,C,manual_review,Z CORNER,浙江省宁波市海曙区中山东路151号(东门口地铁站1号口步行170米),购物:综合商场:购物中心,121.55064032,29.87482717,multi_provider_agree,name_match_weak|multi_provider_agree|not_available,review_required=1; confidence_level=C; review_status=needs_manual_review
7435,宁波长丰悦邻汇,C,manual_review,长丰悦邻汇,浙江省宁波市鄞州区丰泽路与江宁路交叉口东北角,购物:综合商场,121.53909633,29.84664927,multi_provider_agree,name_match_medium|multi_provider_agree|not_available,review_required=1; confidence_level=C; review_status=needs_manual_review
7442,杭州绿城美好广场,C,manual_review,绿城美好广场,严州大道500号,购物服务;商场;购物中心,119.28772153,29.47305714,multi_provider_agree,name_match_medium|multi_provider_agree|not_available,review_required=1; confidence_level=C; review_status=needs_manual_review
7452,宁波嘉悦生活广场,C,manual_review,嘉悦生活广场,东钱湖镇钱湖西路,购物服务;商场;商场,121.63380914,29.79312005,multi_provider_agree,name_match_medium|multi_provider_agree|not_available,review_required=1; confidence_level=C; review_status=needs_manual_review
7477,丽水山水购物广场,C,manual_review,山水·江泰广场,浙江省丽水市云和县解放东路210号,购物:综合商场,119.57228374,28.11565332,multi_provider_agree,name_match_medium|multi_provider_agree|not_available,review_required=1; confidence_level=C; review_status=needs_manual_review
7483,宁波新大新时尚广场,C,manual_review,新大新·时尚广场,浙江省宁波市余姚市新建路2-18号,购物:综合商场,121.15257561,30.05026323,multi_provider_agree,name_match_medium|multi_provider_agree|not_available,review_required=1; confidence_level=C; review_status=needs_manual_review
7527,宁波七彩商业广场,C,manual_review,七彩商业广场,掌起镇掌起大街8号,购物服务;商场;商场,121.45261618,30.12020423,multi_provider_agree,name_match_medium|multi_provider_agree|not_available,review_required=1; confidence_level=C; review_status=needs_manual_review
7532,嘉兴海宁虹运汇开元里,C,manual_review,袁花·开元里,浙江省嘉兴市海宁市袁花镇天仙商厦111号,购物:综合商场:购物中心,120.77817827,30.41740205,weak_or_disputed,name_match_weak|weak_or_disputed|not_available,review_required=1; confidence_level=C; review_status=needs_manual_review
7563,杭州良渚万科劝学荟Qsquare,C,manual_review,万科·劝学荟B,浙江省杭州市余杭区良渚文化村内,购物:综合商场:购物中心,120.01184297,30.35135338,multi_provider_agree,name_match_medium|multi_provider_agree|not_available,review_required=1; confidence_level=C; review_status=needs_manual_review
7622,杭州汇和城(翠苑店),C,manual_review,汇和城购物中心,新风路619号,购物服务;商场;购物中心,120.20028775,30.2959634,multi_provider_agree,name_match_weak|multi_provider_agree|not_available,review_required=1; confidence_level=C; review_status=needs_manual_review
7633,宁波万科萤集·滨江奥体店,C,manual_review,宁波1902万科广场,庄市大道1088号,购物服务;商场;购物中心,121.620055,29.93082079,weak_or_disputed,name_match_weak|weak_or_disputed|not_available,review_required=1; confidence_level=C; review_status=needs_manual_review
7653,宁波万科萤集·三官堂,C,manual_review,三官堂,浙江省宁波市镇海区,地名地址:行政地名,121.56006126,30.02350867,weak_or_disputed,name_match_weak|weak_or_disputed|not_available,review_required=1; confidence_level=C; review_status=needs_manual_review
7724,临安吴越里,C,manual_review,吴越里商业中心,吴越里,购物服务;商场;普通商场,119.72447974,30.23409671,multi_provider_agree,name_match_medium|multi_provider_agree|not_available,review_required=1; confidence_level=C; review_status=needs_manual_review
7725,杭州吾悦和商业中心,C,manual_review,杭州拱墅吾悦广场,浙江省杭州市拱墅区华丰时代城(同协路地铁站C口步行250米),购物:综合商场:购物中心,120.20566062,30.34579945,multi_provider_agree,name_match_weak|multi_provider_agree|not_available,review_required=1; confidence_level=C; review_status=needs_manual_review
7727,杭州未来谷商业,C,manual_review,未来谷,良睦路与余杭塘路交叉口东160米,商务住宅;商务住宅相关;商务住宅相关,120.00402117,30.28741598,weak_or_disputed,name_match_medium|weak_or_disputed|not_available,review_required=1; confidence_level=C; review_status=needs_manual_review
7728,杭州拱墅嘉里城,C,manual_review,杭州嘉里城,浙江省杭州市拱墅区东新路辅路杭氧地铁站E口旁,购物:综合商场:购物中心,120.17327058,30.29614508,multi_provider_agree,name_match_medium|multi_provider_agree|not_available,review_required=1; confidence_level=C; review_status=needs_manual_review
7729,杭州世纪中心商业（AURA）,C,manual_review,杭州世纪中心西塔,绿地宋都·杭州世纪中心,商务住宅;楼宇;商务写字楼,120.23329082,30.23002909,weak_or_disputed,name_match_weak|weak_or_disputed|not_available,review_required=1; confidence_level=C; review_status=needs_manual_review
7730,国大城市广场·海里,C,manual_review,国大城市广场,延安路609号,购物服务;商场;普通商场,120.15775937,30.27191153,multi_provider_agree,name_match_weak|multi_provider_agree|not_available,review_required=1; confidence_level=C; review_status=needs_manual_review
7731,杭州红蚁之都商业,C,manual_review,水晶城购物中心,浙江省杭州市拱墅区上塘路458号,购物:综合商场:购物中心,120.14714466,30.30692779,weak_or_disputed,name_match_weak|weak_or_disputed|not_available,review_required=1; confidence_level=C; review_status=needs_manual_review
7732,杭州和睦里,C,manual_review,和睦里,浙江省杭州市拱墅区莫干山路969号,购物:综合商场:购物中心,120.11559805,30.31083636,multi_provider_agree,name_match_medium|multi_provider_agree|not_available,review_required=1; confidence_level=C; review_status=needs_manual_review
7733,杭州庆春SS,C,manual_review,庆春SS,浙江省杭州市上城区庆春东路辅路,购物:综合商场,120.20082697,30.26101462,weak_or_disputed,name_match_medium|weak_or_disputed|not_available,review_required=1; confidence_level=C; review_status=needs_manual_review
7734,嘉兴姚庄青年城,C,manual_review,帝恒·青年城,浙江省嘉兴市嘉善县姚庄镇清凉大道219号,购物:综合商场:购物中心,120.98500677,30.91879534,multi_provider_agree,name_match_medium|multi_provider_agree|not_available,review_required=1; confidence_level=C; review_status=needs_manual_review
7735,高家桥商贸综合体,C,manual_review,姬刚二手纱,浙江省嘉兴市秀洲区高家桥,购物:其它购物,120.63674785,30.66000042,weak_or_disputed,name_match_weak|weak_or_disputed|not_available,review_required=1; confidence_level=C; review_status=needs_manual_review
7736,嘉兴南湖未来广场,C,manual_review,南湖天地,南湖路171号,购物服务;商场;购物中心,120.76023283,30.75827315,weak_or_disputed,name_match_weak|weak_or_disputed|not_available,review_required=1; confidence_level=C; review_status=needs_manual_review
7737,嘉兴双溪湖邻里中心,C,manual_review,双溪湖嘉邻中心,浙江省嘉兴市南湖区双溪路3366号,购物:综合商场:购物中心,120.7872837,30.71194938,multi_provider_agree,name_match_medium|multi_provider_agree|not_available,review_required=1; confidence_level=C; review_status=needs_manual_review
7738,温州国贸印象,C,manual_review,温州印象城MEGA,南汇街道府东路333号,购物服务;商场;购物中心,120.69704249,27.98817491,weak_or_disputed,name_match_weak|weak_or_disputed|not_available,review_required=1; confidence_level=C; review_status=needs_manual_review
7743,绍兴青春里商业中心,C,manual_review,青春里,浙江省绍兴市上虞区虞舜大道北段辅路,购物:综合商场:购物中心,120.85016759,30.05396306,multi_provider_agree,name_match_medium|multi_provider_agree|not_available,review_required=1; confidence_level=C; review_status=needs_manual_review
7745,湖州草田漾文化步行街项目,C,manual_review,草田漾文化步行街区,浙大设计天力集团东侧90米,购物服务;购物相关场所;购物相关场所,120.12500697,30.90095562,multi_provider_agree,name_match_medium|multi_provider_agree|not_available,review_required=1; confidence_level=C; review_status=needs_manual_review
7746,金华悦汇嘉广场,C,manual_review,悦嘉汇广场,栖凤街929号,购物服务;商场;商场,119.67433931,29.092587,multi_provider_agree,name_match_weak|multi_provider_agree|not_available,review_required=1; confidence_level=C; review_status=needs_manual_review
7747,金华长湖湾邻里中心,C,manual_review,长湖湾邻里中心,浙江省金华市婺城区鸿发路20号,生活服务:其它生活服务,119.62573378,29.11044859,multi_provider_agree,name_match_medium|multi_provider_agree|not_available,review_required=1; confidence_level=C; review_status=needs_manual_review
7748,台州康来城市空间,C,manual_review,水墨云端茶文化空间(城市花园),浙江省台州市临海市大洋中路468号,购物:其它购物,121.16226216,28.87180002,weak_or_disputed,name_match_weak|weak_or_disputed|not_available,review_required=1; confidence_level=C; review_status=needs_manual_review
7749,衢州沁汇商业中心,C,manual_review,衢州商城,荷花中路105号,购物服务;商场;普通商场,118.86974554,28.94643873,weak_or_disputed,name_match_weak|weak_or_disputed|not_available,review_required=1; confidence_level=C; review_status=needs_manual_review
7930,杭州世纪中心商场,C,manual_review,新世纪广场,浙江省杭州市萧山区市心南路139号(近九百碗锅庄),购物:综合商场,120.26401059,30.16374627,weak_or_disputed,name_match_weak|weak_or_disputed|not_available,review_required=1; confidence_level=C; review_status=needs_manual_review
7934,金华望湖城市广场,C,manual_review,望湖生活超市,浙江省金华市义乌市稠江街道杨村二区41幢,购物:超市,120.03200074,29.29379705,weak_or_disputed,name_match_weak|weak_or_disputed|not_available,review_required=1; confidence_level=C; review_status=needs_manual_review
7990,台州椒江万达广场,C,manual_review,台州经开万达广场,浙江省台州市椒江区开发大道799号,购物:综合商场:购物中心,121.41267611,28.63950465,multi_provider_agree,name_match_medium|multi_provider_agree|not_available,review_required=1; confidence_level=C; review_status=needs_manual_review
8005,嘉兴南湖万达广场,C,manual_review,嘉兴南湖万达广场,浙江省嘉兴市南湖区广益路1108号,购物:综合商场:购物中心,120.79629708,30.73820367,single_provider_strong,name_match_strong|single_provider_strong|not_available,review_required=1; confidence_level=C; review_status=needs_manual_review
8019,宁波东部新城印象城,C,manual_review,宁波鄞州印象城,钱湖北路288号,购物服务;商场;购物中心,121.56231921,29.83565898,multi_provider_agree,name_match_weak|multi_provider_agree|not_available,review_required=1; confidence_level=C; review_status=needs_manual_review
8021,宁波慈溪万达广场,C,manual_review,宁波海泉湾PLUS购物中心,浙江省宁波市慈溪市,购物:综合商场:购物中心,121.19677799,30.31686527,weak_or_disputed,name_match_weak|weak_or_disputed|not_available,review_required=1; confidence_level=C; review_status=needs_manual_review
8051,杭州城西万象城,C,manual_review,杭州万象城,浙江省杭州市上城区富春路701号,购物:综合商场:购物中心,120.21086289,30.25422158,multi_provider_agree,name_match_medium|multi_provider_agree|not_available,review_required=1; confidence_level=C; review_status=needs_manual_review
8052,杭州良渚万象汇,C,manual_review,杭州东站万象汇,浙江省杭州市上城区和兴路129号,购物:综合商场:购物中心,120.21317131,30.2965292,multi_provider_agree,name_match_weak|multi_provider_agree|not_available,review_required=1; confidence_level=C; review_status=needs_manual_review
8053,杭州萧山印象城,C,manual_review,印力汇德隆杭州奥体印象城,飞虹路1408号,购物服务;商场;购物中心,120.24825433,30.22581184,multi_provider_agree,name_match_medium|multi_provider_agree|not_available,review_required=1; confidence_level=C; review_status=needs_manual_review
8055,杭州钱塘万象汇,C,manual_review,杭州萧山万象汇,浙江省杭州市萧山区金城路927号,购物:综合商场,120.2641149,30.18431144,multi_provider_agree,name_match_weak|multi_provider_agree|not_available,review_required=1; confidence_level=C; review_status=needs_manual_review
8079,温州瓯海万象汇,C,manual_review,温州万象城,瓯越大道1999号,购物服务;商场;普通商场|购物服务;商场;购物中心,120.68146546,27.95623183,multi_provider_agree,name_match_medium|multi_provider_agree|not_available,review_required=1; confidence_level=C; review_status=needs_manual_review
9537,丽水万洋广场,C,manual_review,万洋广场,浙江省丽水市莲都区工业路万洋·时代风华对面,购物:综合商场:购物中心,119.76017056,28.38582914,multi_provider_agree,name_match_weak|multi_provider_agree|not_available,review_required=1; confidence_level=C; review_status=needs_manual_review
9538,丽水壹德·江泰广场,C,manual_review,壹德·江泰广场,浙江省丽水市青田县温溪镇新建路120号,购物:综合商场:购物中心,120.37061825,28.15130508,multi_provider_agree,name_match_medium|multi_provider_agree|not_available,review_required=1; confidence_level=C; review_status=needs_manual_review
9539,丽水未来城,C,manual_review,江泰未来城,处州大道650号,购物服务;商场;购物中心,119.87073801,28.40533588,multi_provider_agree,name_match_medium|multi_provider_agree|not_available,review_required=1; confidence_level=C; review_status=needs_manual_review
9540,丽水江泰国际广场,C,manual_review,江泰未来城,处州大道650号,购物服务;商场;购物中心,119.87073801,28.40533588,weak_or_disputed,name_match_weak|weak_or_disputed|not_available,review_required=1; confidence_level=C; review_status=needs_manual_review
9541,丽水缙云万地广场,C,manual_review,缙云万地广场,浙江省丽水市缙云县好溪路,购物:综合商场,120.08742912,28.65224493,multi_provider_agree,name_match_medium|multi_provider_agree|not_available,review_required=1; confidence_level=C; review_status=needs_manual_review
9542,丽水遂昌江泰领悦广场,C,manual_review,遂昌江泰领悦广场,妙高街道后江路2号未来公园南面,购物服务;商场;商场,119.24108069,28.5909287,multi_provider_agree,name_match_medium|multi_provider_agree|not_available,review_required=1; confidence_level=C; review_status=needs_manual_review
9543,台州云卓天合汇,C,manual_review,云卓天合汇广场,浙江省台州市天台县赤城街道劳动路200号,购物:综合商场:购物中心,121.02824408,29.14290886,multi_provider_agree,name_match_medium|multi_provider_agree|not_available,review_required=1; confidence_level=C; review_status=needs_manual_review
9544,台州和合未来社区邻里中心,C,manual_review,心海和合汇邻里中心,浙江省台州市椒江区春潮西路700号,购物:综合商场:购物中心,121.39897645,28.63747791,weak_or_disputed,name_match_weak|weak_or_disputed|not_available,review_required=1; confidence_level=C; review_status=needs_manual_review
9545,台州大溪多方里,C,manual_review,大溪多方里购物中心,浙江省台州市温岭市大溪镇中心小学南,购物:综合商场:购物中心,121.25287048,28.46207757,multi_provider_agree,name_match_medium|multi_provider_agree|not_available,review_required=1; confidence_level=C; review_status=needs_manual_review
9546,台州天盛中心,C,manual_review,天盛营销中心,天盛中心,生活服务;生活服务场所;生活服务场所,121.40018008,28.65636553,weak_or_disputed,name_match_medium|weak_or_disputed|not_available,review_required=1; confidence_level=C; review_status=needs_manual_review
9549,嘉兴帝恒商业广场,C,manual_review,帝恒·青年城,浙江省嘉兴市嘉善县姚庄镇清凉大道219号,购物:综合商场:购物中心,120.98500677,30.91879534,weak_or_disputed,name_match_weak|weak_or_disputed|not_available,review_required=1; confidence_level=C; review_status=needs_manual_review
9550,嘉兴梧桐邻里,C,manual_review,梧桐邻里,浙江省嘉兴市桐乡市体育东路511号1楼,购物:综合商场,120.55613193,30.64686077,multi_provider_agree,name_match_medium|multi_provider_agree|not_available,review_required=1; confidence_level=C; review_status=needs_manual_review
9551,嘉兴濮院佳源中心广场,C,manual_review,濮院·佳源中心广场,桐星大道新汽车站对面,商务住宅;楼宇;商住两用楼宇|商务住宅;楼宇;商务写字楼,120.6007395,30.67801458,multi_provider_agree,name_match_medium|multi_provider_agree|not_available,review_required=1; confidence_level=C; review_status=needs_manual_review
9552,嘉兴银泰百货(嘉善店),C,manual_review,银泰百货嘉善店-南门,浙江省嘉兴市嘉善县嘉善大道399号银泰百货,室内及附属设施:通行设施类:门/出入口,120.92473246,30.82680155,multi_provider_agree,name_match_medium|multi_provider_agree|not_available,review_required=1; confidence_level=C; review_status=needs_manual_review
9556,杭州丁桥中禹嘉汇里,C,manual_review,杭州嘉里中心,延安路385号(凤起路地铁站C4口步行90米),购物服务;商场;购物中心,120.15782334,30.26262448,weak_or_disputed,name_match_weak|weak_or_disputed|not_available,review_required=1; confidence_level=C; review_status=needs_manual_review
9557,杭州三墩同仁汇商场,C,manual_review,同仁汇商场,嘉仁路133号,购物服务;商场;普通商场,120.07292143,30.32887923,multi_provider_agree,name_match_weak|multi_provider_agree|not_available,review_required=1; confidence_level=C; review_status=needs_manual_review
9559,杭州东投新悦广场,C,manual_review,东投新悦广场,2号大街511号,商务住宅;楼宇;商务写字楼,120.35696589,30.31182861,weak_or_disputed,name_match_medium|weak_or_disputed|not_available,review_required=1; confidence_level=C; review_status=needs_manual_review
9561,杭州久光广场,C,manual_review,久光广场,钱江路258号,购物服务;商场;普通商场,120.18148049,30.22586024,multi_provider_agree,name_match_medium|multi_provider_agree|not_available,review_required=1; confidence_level=C; review_status=needs_manual_review
9562,杭州之光·小藤街,C,manual_review,未来之光·小藤街,浙江省杭州市余杭区良渚街道玉鸟路与张家塘路交叉口东南角天荟未来之光城内,购物:商业步行街,120.04869836,30.36276004,multi_provider_agree,name_match_medium|multi_provider_agree|not_available,review_required=1; confidence_level=C; review_status=needs_manual_review
9563,杭州乐融里·田园邻里中心,C,manual_review,中昇弘基建设有限公司,浙江省杭州市拱墅区虎山路乐融里田园邻里中心2号楼4楼,公司企业:公司企业,120.19878381,30.35819868,multi_provider_agree,name_match_medium|multi_provider_agree|not_available,review_required=1; confidence_level=C; review_status=needs_manual_review
9564,杭州伟业路华润万象商业,C,manual_review,华润万家,秋涛北路72号三新银座资募大厦,购物服务;超级市场;华润,120.19831962,30.26159083,weak_or_disputed,name_match_weak|weak_or_disputed|not_available,review_required=1; confidence_level=C; review_status=needs_manual_review
9565,杭州侨乐汇商业中心,C,manual_review,侨乐汇商业中心,浙江省杭州市上城区丁兰街道侨乐汇商业中心(丁桥路东)捷客电竞,购物:综合商场,120.21368687,30.36330652,multi_provider_agree,name_match_medium|multi_provider_agree|not_available,review_required=1; confidence_level=C; review_status=needs_manual_review
9566,杭州信达奥体商业中心,C,manual_review,信达奥体商业中心(装修中),飞虹路与七甲闸弄交叉口(奥体中心地铁站A口步行50米),购物服务;商场;购物中心|商务住宅;楼宇;商务写字楼,120.2290913,30.22740207,multi_provider_agree,name_match_weak|multi_provider_agree|not_available,review_required=1; confidence_level=C; review_status=needs_manual_review
9567,杭州北大资源博雅城,C,manual_review,杭州市余杭区五常街道西溪风情社区居务监督委员会,浙江省杭州市余杭区荆长路北大资源博雅城F1,机构团体:政府机关,120.03730794,30.28545983,multi_provider_agree,name_match_medium|multi_provider_agree|not_available,review_required=1; confidence_level=C; review_status=needs_manual_review
9569,杭州印悦里(丰庆店),C,manual_review,杭州运河广场印悦里伊芙丽专柜,金华路3号,购物服务;服装鞋帽皮具店;服装鞋帽皮具店,120.13588705,30.3200749,multi_provider_agree,name_match_weak|multi_provider_agree|not_available,review_required=1; confidence_level=C; review_status=needs_manual_review
9570,杭州吉祥里,C,manual_review,绿城吉祥里,浙江省杭州市拱墅区祥符街道祥符南路268号,购物:综合商场:购物中心,120.10017564,30.32785193,multi_provider_agree,name_match_medium|multi_provider_agree|not_available,review_required=1; confidence_level=C; review_status=needs_manual_review
9571,杭州启航城,C,manual_review,启航城样板示范区,启航路獐山路口,公司企业;公司;公司,120.07811752,30.45339698,weak_or_disputed,name_match_medium|weak_or_disputed|not_available,review_required=1; confidence_level=C; review_status=needs_manual_review
9574,杭州天城商业中心,C,manual_review,天城商业中心,机场路119号(闸弄口地铁站A口步行110米),购物服务;商场;商场,120.18757968,30.28795682,multi_provider_agree,name_match_weak|multi_provider_agree|not_available,review_required=1; confidence_level=C; review_status=needs_manual_review
9575,杭州子夜广场,C,manual_review,子夜广场,浙江省杭州市萧山区心意路,购物:综合商场:购物中心,120.25914302,30.18129562,multi_provider_agree,name_match_medium|multi_provider_agree|not_available,review_required=1; confidence_level=C; review_status=needs_manual_review
9576,杭州安放·山泽里,C,manual_review,安放山泽里,浙江省杭州市滨江区长河街道聚才路239号(聚才路地铁站A口步行270米),购物:综合商场,120.19378628,30.18312758,multi_provider_agree,name_match_medium|multi_provider_agree|not_available,review_required=1; confidence_level=C; review_status=needs_manual_review
9577,杭州文合里社区邻里中心,C,manual_review,文合里.社区邻里中心,文化路与市心南路交叉口西北80米,商务住宅;住宅区;社区中心,120.26226445,30.16627936,multi_provider_agree,name_match_medium|multi_provider_agree|not_available,review_required=1; confidence_level=C; review_status=needs_manual_review
9578,杭州星悦荟,C,manual_review,星悦汇影院式足道·SPA,天目山路162号1层,生活服务;洗浴推拿场所;洗浴推拿场所,120.13313997,30.27394004,weak_or_disputed,name_match_weak|weak_or_disputed|not_available,review_required=1; confidence_level=C; review_status=needs_manual_review
9579,杭州望洲城购物中心,C,manual_review,汇和城购物中心,新风路619号,购物服务;商场;购物中心,120.20028775,30.2959634,weak_or_disputed,name_match_weak|weak_or_disputed|not_available,review_required=1; confidence_level=C; review_status=needs_manual_review
9580,杭州睦邻社艺墅荟,C,manual_review,睦邻社·之江艺墅荟,浙江省杭州市西湖区横桥路98号,购物:综合商场,120.06627868,30.16530833,multi_provider_agree,name_match_medium|multi_provider_agree|not_available,review_required=1; confidence_level=C; review_status=needs_manual_review
9581,杭州紫金生活广场,C,manual_review,紫金生活广场,金庄路与周坪路交叉口东南140米,购物服务;商场;购物中心,120.06600767,30.34302662,multi_provider_agree,name_match_medium|multi_provider_agree|not_available,review_required=1; confidence_level=C; review_status=needs_manual_review
9582,杭州美达·北城天地,C,manual_review,北城天地,浙江省杭州市拱墅区祥符街道湖州街567号,购物:综合商场,120.11906178,30.32320009,multi_provider_agree,name_match_medium|multi_provider_agree|not_available,review_required=1; confidence_level=C; review_status=needs_manual_review
9583,杭州翁梅万达广场,C,manual_review,杭州临平万达广场,浙江省杭州市临平区荷禹路105号,购物:综合商场:购物中心,120.27997303,30.43473117,multi_provider_agree,name_match_weak|multi_provider_agree|not_available,review_required=1; confidence_level=C; review_status=needs_manual_review
9584,杭州自游港广场,C,manual_review,自游港广场,浙江省杭州市钱塘区金沙大道450号,购物:综合商场,120.32599098,30.31234705,multi_provider_agree,name_match_medium|multi_provider_agree|not_available,review_required=1; confidence_level=C; review_status=needs_manual_review
9585,杭州芳塘FUNTOWN,C,manual_review,FUNTOWN芳塘,凤起东路189号滨江新城时代广场,商务住宅;楼宇;商务写字楼,120.20231113,30.26694824,multi_provider_agree,name_match_medium|multi_provider_agree|not_available,review_required=1; confidence_level=C; review_status=needs_manual_review
9586,杭州莲荷里,C,manual_review,莲荷里,浙江省杭州市滨江区飞虹路3号大莲花LG层,购物:综合商场:购物中心,120.2265754,30.22866137,multi_provider_agree,name_match_medium|multi_provider_agree|not_available,review_required=1; confidence_level=C; review_status=needs_manual_review
9587,杭州衣之佳城市折扣店,C,manual_review,衣之佳城市奥特莱斯,浙江省杭州市上城区庆春路229号,购物:综合商场:购物中心,120.15656886,30.2598914,multi_provider_agree,name_match_medium|multi_provider_agree|not_available,review_required=1; confidence_level=C; review_status=needs_manual_review
9588,杭州西城广场,C,manual_review,中粮杭州大悦城,浙江省杭州市拱墅区莫干山路与隐秀路交叉口西南,购物:综合商场:购物中心,120.12453308,30.30363457,weak_or_disputed,name_match_weak|weak_or_disputed|not_available,review_required=1; confidence_level=C; review_status=needs_manual_review
9589,杭州赞美广场,C,manual_review,EFC LIVE欧美广场,浙江省杭州市余杭区景兴路896号,购物:综合商场:购物中心,119.99820157,30.283658,weak_or_disputed,name_match_weak|weak_or_disputed|not_available,review_required=1; confidence_level=C; review_status=needs_manual_review
9592,杭州金帝新街星隆城,C,manual_review,金帝新街星隆城,浙江省杭州市萧山区新街街道新汉路(新街地铁A口步行140米),购物:综合商场:购物中心,120.30376273,30.20642778,weak_or_disputed,name_match_medium|weak_or_disputed|not_available,review_required=1; confidence_level=C; review_status=needs_manual_review
9593,杭州金迪幸福里商业中心,C,manual_review,金迪幸福里商业中心,党山镇为民路80号(瓜沥镇店),购物服务;商场;购物中心,120.51828163,30.16427863,multi_provider_agree,name_match_medium|multi_provider_agree|not_available,review_required=1; confidence_level=C; review_status=needs_manual_review
9594,杭州银发西溪MALL,C,manual_review,银发西溪Mall,浙江省杭州市西湖区蒋村街道晴川街159号(西溪湿地北地铁站A口步行450米),购物:综合商场:购物中心,120.06996987,30.28566033,multi_provider_agree,name_match_medium|multi_provider_agree|not_available,review_required=1; confidence_level=C; review_status=needs_manual_review
9595,杭州银泰百货(文化广场奥莱店),C,manual_review,银泰百货杭州文化广场奥特莱斯,西湖文化广场18号,购物服务;商场;商场,120.158206,30.28013856,multi_provider_agree,name_match_medium|multi_provider_agree|not_available,review_required=1; confidence_level=C; review_status=needs_manual_review
9596,杭州银湖·金帝购物中心,C,manual_review,金帝虹缤之都,浙江省杭州市富阳区富闲路杭州市留学人员富阳创业园东侧,购物:综合商场:购物中心,119.9809949,30.14087028,weak_or_disputed,name_match_weak|weak_or_disputed|not_available,review_required=1; confidence_level=C; review_status=needs_manual_review
9598,温州三江启北岸中心,C,manual_review,三江启北岸中心,浙江省温州市永嘉县环江大道立体城西侧,购物:综合商场:购物中心,120.68916359,28.04043874,multi_provider_agree,name_match_medium|multi_provider_agree|not_available,review_required=1; confidence_level=C; review_status=needs_manual_review
9600,温州梦多多小镇,C,manual_review,梦多多小镇,浙江省温州市瓯海区新桥街道六虹桥路1189号,购物:综合商场:购物中心,120.62268672,27.98356849,multi_provider_agree,name_match_medium|multi_provider_agree|not_available,review_required=1; confidence_level=C; review_status=needs_manual_review
9601,温州欧尚春天商业广场,C,manual_review,欧尚春天商业广场,浙江省温州市瓯海区茶山街道卧龙路332号,购物:综合商场:购物中心,120.69655681,27.91362767,multi_provider_agree,name_match_medium|multi_provider_agree|not_available,review_required=1; confidence_level=C; review_status=needs_manual_review
9602,温州溪悦广场,C,manual_review,溪悦广场招商中心,瞿溪街道三溪路366号16栋,生活服务;中介机构;中介机构,120.53332549,27.99130624,weak_or_disputed,name_match_weak|weak_or_disputed|not_available,review_required=1; confidence_level=C; review_status=needs_manual_review
9603,温州百佳广场,C,manual_review,百佳广场,北白象镇东大街588号(行政服务中心对面),购物服务;商场;普通商场|购物服务;超级市场;超市,120.85662043,28.0425335,multi_provider_agree,name_match_weak|multi_provider_agree|not_available,review_required=1; confidence_level=C; review_status=needs_manual_review
9604,温州鑫伊广场,C,manual_review,鑫伊广场,浙江省温州市瓯海区三垟街道山福路11号,旅游景点:城市广场,120.70995667,27.97658854,multi_provider_agree,name_match_weak|multi_provider_agree|not_available,review_required=1; confidence_level=C; review_status=needs_manual_review
9606,温州银泰百货瓯海店,C,manual_review,银泰百货温州世贸店,浙江省温州市鹿城区解放南路荷花路73号,购物:综合商场:购物中心,120.66061818,28.01005279,weak_or_disputed,name_match_weak|weak_or_disputed|not_available,review_required=1; confidence_level=C; review_status=needs_manual_review
9611,湖州湖盛PLAZA·仁皇山生活广场,C,manual_review,湖盛仁皇山生活广场,仁皇山路355号,购物服务;商场;普通商场,120.08985071,30.897106,multi_provider_agree,name_match_medium|multi_provider_agree|not_available,review_required=1; confidence_level=C; review_status=needs_manual_review
9614,绍兴利佰家商业广场,C,manual_review,利佰家商业广场,华舍街道鉴湖路959号,购物服务;商场;普通商场,120.46261172,30.08198482,multi_provider_agree,name_match_medium|multi_provider_agree|not_available,review_required=1; confidence_level=C; review_status=needs_manual_review
9617,绍兴福全未来社区商业中心,C,manual_review,福全未来社区方太旗舰店,浙江省绍兴市柯桥区别墅路98号,购物:家具家居建材:厨房用品,120.53018293,29.99280178,weak_or_disputed,name_match_medium|weak_or_disputed|not_available,review_required=1; confidence_level=C; review_status=needs_manual_review
9618,绍兴金昌大象里,C,manual_review,金昌·大象里,东南路1095号,购物服务;商场;普通商场,120.79805603,29.57350932,weak_or_disputed,name_match_medium|weak_or_disputed|not_available,review_required=1; confidence_level=C; review_status=needs_manual_review
9626,金华东湄丰茂里,C,manual_review,金华东湄丰茂里,浙江省金华市金东区金华东湄金茂未来科学城,购物:综合商场:购物中心,119.67693017,29.07223652,single_provider_strong,name_match_strong|single_provider_strong|not_available,review_required=1; confidence_level=C; review_status=needs_manual_review
9627,金华义亭之心,C,manual_review,义亭之心,浙江省金华市义乌市明月路,购物:综合商场,119.9526098,29.23330908,multi_provider_agree,name_match_medium|multi_provider_agree|not_available,review_required=1; confidence_level=C; review_status=needs_manual_review
9628,金华旭辉广场,C,manual_review,牛约堡(金华旭辉广场店),浙江省金华市婺城区芙峰街1021号,美食:小吃快餐,119.65260235,29.13410812,single_provider_strong,name_match_strong|single_provider_strong|not_available,review_required=1; confidence_level=C; review_status=needs_manual_review
9629,金华武义金湖中心,C,manual_review,武义金湖中心,温泉北路6号,购物服务;商场;购物中心,119.80973657,28.91560008,multi_provider_agree,name_match_medium|multi_provider_agree|not_available,review_required=1; confidence_level=C; review_status=needs_manual_review
