run_id,mall_id,name,center_lon,center_lat,buffer_radius_m,tile_count,downloaded_tile_count,roof_candidate_tile_count,roof_candidate_count,roof_area_m2_est,existing_pv_tile_count,existing_pv_area_m2_est,install_condition_score,install_condition_level,review_required,review_status,evidence_dir,review_mosaic_path,method,notes,image_status,error
20260713_shanghai_A_bdappv_singlemap_v2,36,上海南翔印象城MEGA,121.30116565,31.30695218,1000,1,1,1,5,57367.28,0,0.0,1.0,high,1,pending,C:\PV\outputs\experiments\mall_pv_potential_screening\20260713_shanghai_A_bdappv_singlemap_v2\images,C:\PV\outputs\experiments\mall_pv_potential_screening\20260713_shanghai_A_bdappv_singlemap_v2\images\review_mosaics\mall_36_review_mosaic.jpg,single_map_z18+roof_heuristic_v0+pv_bdappv,One complete high-resolution map; PV uses BDAPPV; roof potential uses OpenCV; manual review required,ok,
20260713_shanghai_A_bdappv_singlemap_v2,42,上海真如环宇城MAX,121.40468423,31.25202127,1000,1,1,1,19,343544.38,0,0.0,1.0,high,1,pending,C:\PV\outputs\experiments\mall_pv_potential_screening\20260713_shanghai_A_bdappv_singlemap_v2\images,C:\PV\outputs\experiments\mall_pv_potential_screening\20260713_shanghai_A_bdappv_singlemap_v2\images\review_mosaics\mall_42_review_mosaic.jpg,single_map_z18+roof_heuristic_v0+pv_bdappv,One complete high-resolution map; PV uses BDAPPV; roof potential uses OpenCV; manual review required,ok,
20260713_shanghai_A_bdappv_singlemap_v2,52,上海环球港,121.40781458,31.23464669,1000,1,1,1,11,129258.66,0,0.0,1.0,high,1,pending,C:\PV\outputs\experiments\mall_pv_potential_screening\20260713_shanghai_A_bdappv_singlemap_v2\images,C:\PV\outputs\experiments\mall_pv_potential_screening\20260713_shanghai_A_bdappv_singlemap_v2\images\review_mosaics\mall_52_review_mosaic.jpg,single_map_z18+roof_heuristic_v0+pv_bdappv,One complete high-resolution map; PV uses BDAPPV; roof potential uses OpenCV; manual review required,ok,
20260713_shanghai_A_bdappv_singlemap_v2,74,上海仲盛世界商城,121.38260598,31.10907571,1000,1,1,1,5,28602.24,0,0.0,0.9831,high,1,pending,C:\PV\outputs\experiments\mall_pv_potential_screening\20260713_shanghai_A_bdappv_singlemap_v2\images,C:\PV\outputs\experiments\mall_pv_potential_screening\20260713_shanghai_A_bdappv_singlemap_v2\images\review_mosaics\mall_74_review_mosaic.jpg,single_map_z18+roof_heuristic_v0+pv_bdappv,One complete high-resolution map; PV uses BDAPPV; roof potential uses OpenCV; manual review required,ok,
20260713_shanghai_A_bdappv_singlemap_v2,75,上海世博源,121.48818542,31.18528835,1000,1,1,1,1,11221.81,1,221.06,0.3617,medium,1,pending,C:\PV\outputs\experiments\mall_pv_potential_screening\20260713_shanghai_A_bdappv_singlemap_v2\images,C:\PV\outputs\experiments\mall_pv_potential_screening\20260713_shanghai_A_bdappv_singlemap_v2\images\review_mosaics\mall_75_review_mosaic.jpg,single_map_z18+roof_heuristic_v0+pv_bdappv,One complete high-resolution map; PV uses BDAPPV; roof potential uses OpenCV; manual review required,ok,
20260713_shanghai_A_bdappv_singlemap_v2,131,上海青浦万达茂,121.07821239,31.13530866,1000,1,1,1,5,45161.67,0,0.0,1.0,high,1,pending,C:\PV\outputs\experiments\mall_pv_potential_screening\20260713_shanghai_A_bdappv_singlemap_v2\images,C:\PV\outputs\experiments\mall_pv_potential_screening\20260713_shanghai_A_bdappv_singlemap_v2\images\review_mosaics\mall_131_review_mosaic.jpg,single_map_z18+roof_heuristic_v0+pv_bdappv,One complete high-resolution map; PV uses BDAPPV; roof potential uses OpenCV; manual review required,ok,
20260713_shanghai_A_bdappv_singlemap_v2,135,上海正大广场,121.49504338,31.23887719,1000,1,1,1,11,114548.59,0,0.0,1.0,high,1,pending,C:\PV\outputs\experiments\mall_pv_potential_screening\20260713_shanghai_A_bdappv_singlemap_v2\images,C:\PV\outputs\experiments\mall_pv_potential_screening\20260713_shanghai_A_bdappv_singlemap_v2\images\review_mosaics\mall_135_review_mosaic.jpg,single_map_z18+roof_heuristic_v0+pv_bdappv,One complete high-resolution map; PV uses BDAPPV; roof potential uses OpenCV; manual review required,ok,
20260713_shanghai_A_bdappv_singlemap_v2,142,上海万象城,121.36449682,31.17228125,1000,1,1,1,8,349370.05,0,0.0,1.0,high,1,pending,C:\PV\outputs\experiments\mall_pv_potential_screening\20260713_shanghai_A_bdappv_singlemap_v2\images,C:\PV\outputs\experiments\mall_pv_potential_screening\20260713_shanghai_A_bdappv_singlemap_v2\images\review_mosaics\mall_142_review_mosaic.jpg,single_map_z18+roof_heuristic_v0+pv_bdappv,One complete high-resolution map; PV uses BDAPPV; roof potential uses OpenCV; manual review required,ok,
20260713_shanghai_A_bdappv_singlemap_v2,155,上海爱琴海购物中心,121.36836341,31.17698686,1000,1,1,1,9,252756.57,1,1344.08,1.0,high,1,pending,C:\PV\outputs\experiments\mall_pv_potential_screening\20260713_shanghai_A_bdappv_singlemap_v2\images,C:\PV\outputs\experiments\mall_pv_potential_screening\20260713_shanghai_A_bdappv_singlemap_v2\images\review_mosaics\mall_155_review_mosaic.jpg,single_map_z18+roof_heuristic_v0+pv_bdappv,One complete high-resolution map; PV uses BDAPPV; roof potential uses OpenCV; manual review required,ok,
20260713_shanghai_A_bdappv_singlemap_v2,157,上海七宝万科广场,121.34600444,31.15652967,1000,1,1,1,8,118025.83,0,0.0,1.0,high,1,pending,C:\PV\outputs\experiments\mall_pv_potential_screening\20260713_shanghai_A_bdappv_singlemap_v2\images,C:\PV\outputs\experiments\mall_pv_potential_screening\20260713_shanghai_A_bdappv_singlemap_v2\images\review_mosaics\mall_157_review_mosaic.jpg,single_map_z18+roof_heuristic_v0+pv_bdappv,One complete high-resolution map; PV uses BDAPPV; roof potential uses OpenCV; manual review required,ok,
20260713_shanghai_A_bdappv_singlemap_v2,210,上海聚峰中心,121.58531505,31.28351678,1000,1,1,1,9,332065.03,0,0.0,1.0,high,1,pending,C:\PV\outputs\experiments\mall_pv_potential_screening\20260713_shanghai_A_bdappv_singlemap_v2\images,C:\PV\outputs\experiments\mall_pv_potential_screening\20260713_shanghai_A_bdappv_singlemap_v2\images\review_mosaics\mall_210_review_mosaic.jpg,single_map_z18+roof_heuristic_v0+pv_bdappv,One complete high-resolution map; PV uses BDAPPV; roof potential uses OpenCV; manual review required,ok,
20260713_shanghai_A_bdappv_singlemap_v2,211,上海龙之梦城市生活中心,121.41192238,31.22085608,1000,1,1,1,13,149718.68,0,0.0,1.0,high,1,pending,C:\PV\outputs\experiments\mall_pv_potential_screening\20260713_shanghai_A_bdappv_singlemap_v2\images,C:\PV\outputs\experiments\mall_pv_potential_screening\20260713_shanghai_A_bdappv_singlemap_v2\images\review_mosaics\mall_211_review_mosaic.jpg,single_map_z18+roof_heuristic_v0+pv_bdappv,One complete high-resolution map; PV uses BDAPPV; roof potential uses OpenCV; manual review required,ok,
20260713_shanghai_A_bdappv_singlemap_v2,218,上海江桥万达广场,121.31901988,31.24181784,1000,1,1,1,9,148578.28,1,179.87,1.0,high,1,pending,C:\PV\outputs\experiments\mall_pv_potential_screening\20260713_shanghai_A_bdappv_singlemap_v2\images,C:\PV\outputs\experiments\mall_pv_potential_screening\20260713_shanghai_A_bdappv_singlemap_v2\images\review_mosaics\mall_218_review_mosaic.jpg,single_map_z18+roof_heuristic_v0+pv_bdappv,One complete high-resolution map; PV uses BDAPPV; roof potential uses OpenCV; manual review required,ok,
20260713_shanghai_A_bdappv_singlemap_v2,267,上海长泰广场,121.59779105,31.20795340,1000,1,1,1,27,885187.42,1,623.21,1.0,high,1,pending,C:\PV\outputs\experiments\mall_pv_potential_screening\20260713_shanghai_A_bdappv_singlemap_v2\images,C:\PV\outputs\experiments\mall_pv_potential_screening\20260713_shanghai_A_bdappv_singlemap_v2\images\review_mosaics\mall_267_review_mosaic.jpg,single_map_z18+roof_heuristic_v0+pv_bdappv,One complete high-resolution map; PV uses BDAPPV; roof potential uses OpenCV; manual review required,ok,
20260713_shanghai_A_bdappv_singlemap_v2,330,上海五角场万达广场,121.50903403,31.30289361,1000,1,1,1,23,246654.75,1,883.34,1.0,high,1,pending,C:\PV\outputs\experiments\mall_pv_potential_screening\20260713_shanghai_A_bdappv_singlemap_v2\images,C:\PV\outputs\experiments\mall_pv_potential_screening\20260713_shanghai_A_bdappv_singlemap_v2\images\review_mosaics\mall_330_review_mosaic.jpg,single_map_z18+roof_heuristic_v0+pv_bdappv,One complete high-resolution map; PV uses BDAPPV; roof potential uses OpenCV; manual review required,ok,
20260713_shanghai_A_bdappv_singlemap_v2,341,上海嘉定中信泰富万达广场,121.25081159,31.33220737,1000,1,1,1,7,137363.79,1,145.44,1.0,high,1,pending,C:\PV\outputs\experiments\mall_pv_potential_screening\20260713_shanghai_A_bdappv_singlemap_v2\images,C:\PV\outputs\experiments\mall_pv_potential_screening\20260713_shanghai_A_bdappv_singlemap_v2\images\review_mosaics\mall_341_review_mosaic.jpg,single_map_z18+roof_heuristic_v0+pv_bdappv,One complete high-resolution map; PV uses BDAPPV; roof potential uses OpenCV; manual review required,ok,
20260713_shanghai_A_bdappv_singlemap_v2,351,上海静安大融城,121.42220953,31.28199032,1000,1,1,1,12,186790.58,1,387.04,1.0,high,1,pending,C:\PV\outputs\experiments\mall_pv_potential_screening\20260713_shanghai_A_bdappv_singlemap_v2\images,C:\PV\outputs\experiments\mall_pv_potential_screening\20260713_shanghai_A_bdappv_singlemap_v2\images\review_mosaics\mall_351_review_mosaic.jpg,single_map_z18+roof_heuristic_v0+pv_bdappv,One complete high-resolution map; PV uses BDAPPV; roof potential uses OpenCV; manual review required,ok,
20260713_shanghai_A_bdappv_singlemap_v2,382,上海松江万达广场,121.23827157,31.05974421,1000,1,1,1,13,301438.4,1,326.84,1.0,high,1,pending,C:\PV\outputs\experiments\mall_pv_potential_screening\20260713_shanghai_A_bdappv_singlemap_v2\images,C:\PV\outputs\experiments\mall_pv_potential_screening\20260713_shanghai_A_bdappv_singlemap_v2\images\review_mosaics\mall_382_review_mosaic.jpg,single_map_z18+roof_heuristic_v0+pv_bdappv,One complete high-resolution map; PV uses BDAPPV; roof potential uses OpenCV; manual review required,ok,
20260713_shanghai_A_bdappv_singlemap_v2,435,上海久光中心,121.44655495,31.27822909,1000,1,1,1,3,46803.15,1,146.91,1.0,high,1,pending,C:\PV\outputs\experiments\mall_pv_potential_screening\20260713_shanghai_A_bdappv_singlemap_v2\images,C:\PV\outputs\experiments\mall_pv_potential_screening\20260713_shanghai_A_bdappv_singlemap_v2\images\review_mosaics\mall_435_review_mosaic.jpg,single_map_z18+roof_heuristic_v0+pv_bdappv,One complete high-resolution map; PV uses BDAPPV; roof potential uses OpenCV; manual review required,ok,
20260713_shanghai_A_bdappv_singlemap_v2,445,上海瑞虹天地太阳宫,121.49577993,31.26509026,1000,1,1,1,15,251148.81,1,150.86,1.0,high,1,pending,C:\PV\outputs\experiments\mall_pv_potential_screening\20260713_shanghai_A_bdappv_singlemap_v2\images,C:\PV\outputs\experiments\mall_pv_potential_screening\20260713_shanghai_A_bdappv_singlemap_v2\images\review_mosaics\mall_445_review_mosaic.jpg,single_map_z18+roof_heuristic_v0+pv_bdappv,One complete high-resolution map; PV uses BDAPPV; roof potential uses OpenCV; manual review required,ok,
20260713_shanghai_A_bdappv_singlemap_v2,502,上海凯德虹口商业中心,121.47342223,31.27294133,1000,1,1,1,11,188559.83,0,0.0,1.0,high,1,pending,C:\PV\outputs\experiments\mall_pv_potential_screening\20260713_shanghai_A_bdappv_singlemap_v2\images,C:\PV\outputs\experiments\mall_pv_potential_screening\20260713_shanghai_A_bdappv_singlemap_v2\images\review_mosaics\mall_502_review_mosaic.jpg,single_map_z18+roof_heuristic_v0+pv_bdappv,One complete high-resolution map; PV uses BDAPPV; roof potential uses OpenCV; manual review required,ok,
20260713_shanghai_A_bdappv_singlemap_v2,510,龙湖上海虹桥天街,121.30852939,31.19379518,1000,1,1,1,8,439496.51,1,2021.01,1.0,high,1,pending,C:\PV\outputs\experiments\mall_pv_potential_screening\20260713_shanghai_A_bdappv_singlemap_v2\images,C:\PV\outputs\experiments\mall_pv_potential_screening\20260713_shanghai_A_bdappv_singlemap_v2\images\review_mosaics\mall_510_review_mosaic.jpg,single_map_z18+roof_heuristic_v0+pv_bdappv,One complete high-resolution map; PV uses BDAPPV; roof potential uses OpenCV; manual review required,ok,
20260713_shanghai_A_bdappv_singlemap_v2,525,上海宝山日月光中心,121.41306823,31.29665944,1000,1,1,1,9,999296.0,1,1909.86,1.0,high,1,pending,C:\PV\outputs\experiments\mall_pv_potential_screening\20260713_shanghai_A_bdappv_singlemap_v2\images,C:\PV\outputs\experiments\mall_pv_potential_screening\20260713_shanghai_A_bdappv_singlemap_v2\images\review_mosaics\mall_525_review_mosaic.jpg,single_map_z18+roof_heuristic_v0+pv_bdappv,One complete high-resolution map; PV uses BDAPPV; roof potential uses OpenCV; manual review required,ok,
20260713_shanghai_A_bdappv_singlemap_v2,560,上海宝山万达广场,121.44267862,31.32555717,1000,1,1,1,13,187831.82,0,0.0,1.0,high,1,pending,C:\PV\outputs\experiments\mall_pv_potential_screening\20260713_shanghai_A_bdappv_singlemap_v2\images,C:\PV\outputs\experiments\mall_pv_potential_screening\20260713_shanghai_A_bdappv_singlemap_v2\images\review_mosaics\mall_560_review_mosaic.jpg,single_map_z18+roof_heuristic_v0+pv_bdappv,One complete high-resolution map; PV uses BDAPPV; roof potential uses OpenCV; manual review required,ok,
20260713_shanghai_A_bdappv_singlemap_v2,562,上海金山万达广场,121.33152406,30.75707896,1000,1,1,1,2,14319.78,0,0.0,0.4796,medium,1,pending,C:\PV\outputs\experiments\mall_pv_potential_screening\20260713_shanghai_A_bdappv_singlemap_v2\images,C:\PV\outputs\experiments\mall_pv_potential_screening\20260713_shanghai_A_bdappv_singlemap_v2\images\review_mosaics\mall_562_review_mosaic.jpg,single_map_z18+roof_heuristic_v0+pv_bdappv,One complete high-resolution map; PV uses BDAPPV; roof potential uses OpenCV; manual review required,ok,
20260713_shanghai_A_bdappv_singlemap_v2,586,上海百联中环购物广场,121.37932607,31.24764005,1000,1,1,1,5,46953.14,0,0.0,1.0,high,1,pending,C:\PV\outputs\experiments\mall_pv_potential_screening\20260713_shanghai_A_bdappv_singlemap_v2\images,C:\PV\outputs\experiments\mall_pv_potential_screening\20260713_shanghai_A_bdappv_singlemap_v2\images\review_mosaics\mall_586_review_mosaic.jpg,single_map_z18+roof_heuristic_v0+pv_bdappv,One complete high-resolution map; PV uses BDAPPV; roof potential uses OpenCV; manual review required,ok,
20260713_shanghai_A_bdappv_singlemap_v2,588,上海静安大悦城,121.46753883,31.24558780,1000,1,1,1,18,251535.94,0,0.0,1.0,high,1,pending,C:\PV\outputs\experiments\mall_pv_potential_screening\20260713_shanghai_A_bdappv_singlemap_v2\images,C:\PV\outputs\experiments\mall_pv_potential_screening\20260713_shanghai_A_bdappv_singlemap_v2\images\review_mosaics\mall_588_review_mosaic.jpg,single_map_z18+roof_heuristic_v0+pv_bdappv,One complete high-resolution map; PV uses BDAPPV; roof potential uses OpenCV; manual review required,ok,
20260713_shanghai_A_bdappv_singlemap_v2,599,上海崇明万达广场（A馆）,121.41323347,31.62789005,1000,1,1,1,10,193760.4,1,150.99,1.0,high,1,pending,C:\PV\outputs\experiments\mall_pv_potential_screening\20260713_shanghai_A_bdappv_singlemap_v2\images,C:\PV\outputs\experiments\mall_pv_potential_screening\20260713_shanghai_A_bdappv_singlemap_v2\images\review_mosaics\mall_599_review_mosaic.jpg,single_map_z18+roof_heuristic_v0+pv_bdappv,One complete high-resolution map; PV uses BDAPPV; roof potential uses OpenCV; manual review required,ok,
20260713_shanghai_A_bdappv_singlemap_v2,624,上海周浦万达广场,121.56545586,31.11670106,1000,1,1,1,4,41684.63,1,511.5,1.0,high,1,pending,C:\PV\outputs\experiments\mall_pv_potential_screening\20260713_shanghai_A_bdappv_singlemap_v2\images,C:\PV\outputs\experiments\mall_pv_potential_screening\20260713_shanghai_A_bdappv_singlemap_v2\images\review_mosaics\mall_624_review_mosaic.jpg,single_map_z18+roof_heuristic_v0+pv_bdappv,One complete high-resolution map; PV uses BDAPPV; roof potential uses OpenCV; manual review required,ok,
20260713_shanghai_A_bdappv_singlemap_v2,645,上海TODTOWN天荟,121.38237709,31.11174119,1000,1,1,1,5,41943.32,1,256.95,1.0,high,1,pending,C:\PV\outputs\experiments\mall_pv_potential_screening\20260713_shanghai_A_bdappv_singlemap_v2\images,C:\PV\outputs\experiments\mall_pv_potential_screening\20260713_shanghai_A_bdappv_singlemap_v2\images\review_mosaics\mall_645_review_mosaic.jpg,single_map_z18+roof_heuristic_v0+pv_bdappv,One complete high-resolution map; PV uses BDAPPV; roof potential uses OpenCV; manual review required,ok,
20260713_shanghai_A_bdappv_singlemap_v2,714,上海松江印象城一期,121.21817699,31.06364310,1000,1,1,1,23,487709.26,0,0.0,1.0,high,1,pending,C:\PV\outputs\experiments\mall_pv_potential_screening\20260713_shanghai_A_bdappv_singlemap_v2\images,C:\PV\outputs\experiments\mall_pv_potential_screening\20260713_shanghai_A_bdappv_singlemap_v2\images\review_mosaics\mall_714_review_mosaic.jpg,single_map_z18+roof_heuristic_v0+pv_bdappv,One complete high-resolution map; PV uses BDAPPV; roof potential uses OpenCV; manual review required,ok,
20260713_shanghai_A_bdappv_singlemap_v2,761,上海中庚漫游城,121.39284583,31.13294840,1000,1,1,1,8,102969.04,1,266.77,1.0,high,1,pending,C:\PV\outputs\experiments\mall_pv_potential_screening\20260713_shanghai_A_bdappv_singlemap_v2\images,C:\PV\outputs\experiments\mall_pv_potential_screening\20260713_shanghai_A_bdappv_singlemap_v2\images\review_mosaics\mall_761_review_mosaic.jpg,single_map_z18+roof_heuristic_v0+pv_bdappv,One complete high-resolution map; PV uses BDAPPV; roof potential uses OpenCV; manual review required,ok,
20260713_shanghai_A_bdappv_singlemap_v2,772,上海元祖梦世界,121.22162412,31.15037156,1000,1,1,1,16,702518.25,0,0.0,1.0,high,1,pending,C:\PV\outputs\experiments\mall_pv_potential_screening\20260713_shanghai_A_bdappv_singlemap_v2\images,C:\PV\outputs\experiments\mall_pv_potential_screening\20260713_shanghai_A_bdappv_singlemap_v2\images\review_mosaics\mall_772_review_mosaic.jpg,single_map_z18+roof_heuristic_v0+pv_bdappv,One complete high-resolution map; PV uses BDAPPV; roof potential uses OpenCV; manual review required,ok,
20260713_shanghai_A_bdappv_singlemap_v2,782,上海七宝宝龙城,121.35021516,31.16070768,1000,1,1,1,4,44235.81,0,0.0,1.0,high,1,pending,C:\PV\outputs\experiments\mall_pv_potential_screening\20260713_shanghai_A_bdappv_singlemap_v2\images,C:\PV\outputs\experiments\mall_pv_potential_screening\20260713_shanghai_A_bdappv_singlemap_v2\images\review_mosaics\mall_782_review_mosaic.jpg,single_map_z18+roof_heuristic_v0+pv_bdappv,One complete high-resolution map; PV uses BDAPPV; roof potential uses OpenCV; manual review required,ok,
20260713_shanghai_A_bdappv_singlemap_v2,790,上海东渡蛙城,121.07701487,31.13688668,1000,1,1,1,5,328987.58,0,0.0,1.0,high,1,pending,C:\PV\outputs\experiments\mall_pv_potential_screening\20260713_shanghai_A_bdappv_singlemap_v2\images,C:\PV\outputs\experiments\mall_pv_potential_screening\20260713_shanghai_A_bdappv_singlemap_v2\images\review_mosaics\mall_790_review_mosaic.jpg,single_map_z18+roof_heuristic_v0+pv_bdappv,One complete high-resolution map; PV uses BDAPPV; roof potential uses OpenCV; manual review required,ok,
20260713_shanghai_A_bdappv_singlemap_v2,837,上海荟聚,121.35211062,31.22344032,1000,1,1,1,10,168499.45,1,361.7,1.0,high,1,pending,C:\PV\outputs\experiments\mall_pv_potential_screening\20260713_shanghai_A_bdappv_singlemap_v2\images,C:\PV\outputs\experiments\mall_pv_potential_screening\20260713_shanghai_A_bdappv_singlemap_v2\images\review_mosaics\mall_837_review_mosaic.jpg,single_map_z18+roof_heuristic_v0+pv_bdappv,One complete high-resolution map; PV uses BDAPPV; roof potential uses OpenCV; manual review required,ok,
20260713_shanghai_A_bdappv_singlemap_v2,847,上海国家会展中心商业广场,121.29768777,31.19149062,1000,1,1,1,9,1226293.39,0,0.0,1.0,high,1,pending,C:\PV\outputs\experiments\mall_pv_potential_screening\20260713_shanghai_A_bdappv_singlemap_v2\images,C:\PV\outputs\experiments\mall_pv_potential_screening\20260713_shanghai_A_bdappv_singlemap_v2\images\review_mosaics\mall_847_review_mosaic.jpg,single_map_z18+roof_heuristic_v0+pv_bdappv,One complete high-resolution map; PV uses BDAPPV; roof potential uses OpenCV; manual review required,ok,
20260713_shanghai_A_bdappv_singlemap_v2,922,上海颛桥万达广场,121.40165042,31.07292162,1000,1,1,1,8,73623.21,0,0.0,1.0,high,1,pending,C:\PV\outputs\experiments\mall_pv_potential_screening\20260713_shanghai_A_bdappv_singlemap_v2\images,C:\PV\outputs\experiments\mall_pv_potential_screening\20260713_shanghai_A_bdappv_singlemap_v2\images\review_mosaics\mall_922_review_mosaic.jpg,single_map_z18+roof_heuristic_v0+pv_bdappv,One complete high-resolution map; PV uses BDAPPV; roof potential uses OpenCV; manual review required,ok,
20260713_shanghai_A_bdappv_singlemap_v2,947,上海虹桥前湾印象城,121.27301367,31.21799803,1000,1,1,1,6,83950.63,0,0.0,1.0,high,1,pending,C:\PV\outputs\experiments\mall_pv_potential_screening\20260713_shanghai_A_bdappv_singlemap_v2\images,C:\PV\outputs\experiments\mall_pv_potential_screening\20260713_shanghai_A_bdappv_singlemap_v2\images\review_mosaics\mall_947_review_mosaic.jpg,single_map_z18+roof_heuristic_v0+pv_bdappv,One complete high-resolution map; PV uses BDAPPV; roof potential uses OpenCV; manual review required,ok,
20260713_shanghai_A_bdappv_singlemap_v2,987,上海日月光中心,121.46383641,31.20867246,1000,1,1,1,17,152175.72,1,366.77,1.0,high,1,pending,C:\PV\outputs\experiments\mall_pv_potential_screening\20260713_shanghai_A_bdappv_singlemap_v2\images,C:\PV\outputs\experiments\mall_pv_potential_screening\20260713_shanghai_A_bdappv_singlemap_v2\images\review_mosaics\mall_987_review_mosaic.jpg,single_map_z18+roof_heuristic_v0+pv_bdappv,One complete high-resolution map; PV uses BDAPPV; roof potential uses OpenCV; manual review required,ok,
20260713_shanghai_A_bdappv_singlemap_v2,991,上海五角场合生汇,121.51351415,31.30176747,1000,1,1,1,21,237290.21,1,389.22,1.0,high,1,pending,C:\PV\outputs\experiments\mall_pv_potential_screening\20260713_shanghai_A_bdappv_singlemap_v2\images,C:\PV\outputs\experiments\mall_pv_potential_screening\20260713_shanghai_A_bdappv_singlemap_v2\images\review_mosaics\mall_991_review_mosaic.jpg,single_map_z18+roof_heuristic_v0+pv_bdappv,One complete high-resolution map; PV uses BDAPPV; roof potential uses OpenCV; manual review required,ok,
20260713_shanghai_A_bdappv_singlemap_v2,992,上海青浦合生新天地,121.22432598,31.15341506,1000,1,1,1,20,793659.61,1,916.95,1.0,high,1,pending,C:\PV\outputs\experiments\mall_pv_potential_screening\20260713_shanghai_A_bdappv_singlemap_v2\images,C:\PV\outputs\experiments\mall_pv_potential_screening\20260713_shanghai_A_bdappv_singlemap_v2\images\review_mosaics\mall_992_review_mosaic.jpg,single_map_z18+roof_heuristic_v0+pv_bdappv,One complete high-resolution map; PV uses BDAPPV; roof potential uses OpenCV; manual review required,ok,
20260713_shanghai_A_bdappv_singlemap_v2,994,上海世纪汇广场,121.52281256,31.22943928,1000,1,1,1,25,338465.58,1,162.45,1.0,high,1,pending,C:\PV\outputs\experiments\mall_pv_potential_screening\20260713_shanghai_A_bdappv_singlemap_v2\images,C:\PV\outputs\experiments\mall_pv_potential_screening\20260713_shanghai_A_bdappv_singlemap_v2\images\review_mosaics\mall_994_review_mosaic.jpg,single_map_z18+roof_heuristic_v0+pv_bdappv,One complete high-resolution map; PV uses BDAPPV; roof potential uses OpenCV; manual review required,ok,
20260713_shanghai_A_bdappv_singlemap_v2,1017,龙湖上海奉贤天街,121.49319595,30.91532763,1000,1,1,1,3,44727.67,1,655.4,1.0,high,1,pending,C:\PV\outputs\experiments\mall_pv_potential_screening\20260713_shanghai_A_bdappv_singlemap_v2\images,C:\PV\outputs\experiments\mall_pv_potential_screening\20260713_shanghai_A_bdappv_singlemap_v2\images\review_mosaics\mall_1017_review_mosaic.jpg,single_map_z18+roof_heuristic_v0+pv_bdappv,One complete high-resolution map; PV uses BDAPPV; roof potential uses OpenCV; manual review required,ok,
20260713_shanghai_A_bdappv_singlemap_v2,1146,上海周浦海印又一城,121.59622633,31.11752658,1000,1,1,1,5,62160.21,0,0.0,1.0,high,1,pending,C:\PV\outputs\experiments\mall_pv_potential_screening\20260713_shanghai_A_bdappv_singlemap_v2\images,C:\PV\outputs\experiments\mall_pv_potential_screening\20260713_shanghai_A_bdappv_singlemap_v2\images\review_mosaics\mall_1146_review_mosaic.jpg,single_map_z18+roof_heuristic_v0+pv_bdappv,One complete high-resolution map; PV uses BDAPPV; roof potential uses OpenCV; manual review required,ok,
20260713_shanghai_A_bdappv_singlemap_v2,1211,上海LCM置汇旭辉广场,121.55109458,31.24498431,1000,1,1,1,12,101759.81,1,689.45,1.0,high,1,pending,C:\PV\outputs\experiments\mall_pv_potential_screening\20260713_shanghai_A_bdappv_singlemap_v2\images,C:\PV\outputs\experiments\mall_pv_potential_screening\20260713_shanghai_A_bdappv_singlemap_v2\images\review_mosaics\mall_1211_review_mosaic.jpg,single_map_z18+roof_heuristic_v0+pv_bdappv,One complete high-resolution map; PV uses BDAPPV; roof potential uses OpenCV; manual review required,ok,
20260713_shanghai_A_bdappv_singlemap_v2,1212,上海LuOne凯德晶萃广场,121.47203205,31.21201268,1000,1,1,1,15,161794.26,1,551.42,1.0,high,1,pending,C:\PV\outputs\experiments\mall_pv_potential_screening\20260713_shanghai_A_bdappv_singlemap_v2\images,C:\PV\outputs\experiments\mall_pv_potential_screening\20260713_shanghai_A_bdappv_singlemap_v2\images\review_mosaics\mall_1212_review_mosaic.jpg,single_map_z18+roof_heuristic_v0+pv_bdappv,One complete high-resolution map; PV uses BDAPPV; roof potential uses OpenCV; manual review required,ok,
20260713_shanghai_A_bdappv_singlemap_v2,1251,上海国际时尚中心,121.55432924,31.27307747,1000,1,1,1,15,413580.32,0,0.0,1.0,high,1,pending,C:\PV\outputs\experiments\mall_pv_potential_screening\20260713_shanghai_A_bdappv_singlemap_v2\images,C:\PV\outputs\experiments\mall_pv_potential_screening\20260713_shanghai_A_bdappv_singlemap_v2\images\review_mosaics\mall_1251_review_mosaic.jpg,single_map_z18+roof_heuristic_v0+pv_bdappv,One complete high-resolution map; PV uses BDAPPV; roof potential uses OpenCV; manual review required,ok,
20260713_shanghai_A_bdappv_singlemap_v2,1283,上海龙光蓝鲸世界,121.89206708,30.89843528,1000,1,1,1,5,70708.3,1,580.8,1.0,high,1,pending,C:\PV\outputs\experiments\mall_pv_potential_screening\20260713_shanghai_A_bdappv_singlemap_v2\images,C:\PV\outputs\experiments\mall_pv_potential_screening\20260713_shanghai_A_bdappv_singlemap_v2\images\review_mosaics\mall_1283_review_mosaic.jpg,single_map_z18+roof_heuristic_v0+pv_bdappv,One complete high-resolution map; PV uses BDAPPV; roof potential uses OpenCV; manual review required,ok,
20260713_shanghai_A_bdappv_singlemap_v2,1313,上海LaLaport啦啦宝都,121.59954034,31.25490080,1000,1,1,1,19,753453.03,0,0.0,1.0,high,1,pending,C:\PV\outputs\experiments\mall_pv_potential_screening\20260713_shanghai_A_bdappv_singlemap_v2\images,C:\PV\outputs\experiments\mall_pv_potential_screening\20260713_shanghai_A_bdappv_singlemap_v2\images\review_mosaics\mall_1313_review_mosaic.jpg,single_map_z18+roof_heuristic_v0+pv_bdappv,One complete high-resolution map; PV uses BDAPPV; roof potential uses OpenCV; manual review required,ok,
20260713_shanghai_A_bdappv_singlemap_v2,1379,上海百联嘉定购物中心,121.27397707,31.38816939,1000,1,1,1,11,241621.5,0,0.0,1.0,high,1,pending,C:\PV\outputs\experiments\mall_pv_potential_screening\20260713_shanghai_A_bdappv_singlemap_v2\images,C:\PV\outputs\experiments\mall_pv_potential_screening\20260713_shanghai_A_bdappv_singlemap_v2\images\review_mosaics\mall_1379_review_mosaic.jpg,single_map_z18+roof_heuristic_v0+pv_bdappv,One complete high-resolution map; PV uses BDAPPV; roof potential uses OpenCV; manual review required,ok,
20260713_shanghai_A_bdappv_singlemap_v2,1384,上海徐家汇中心,121.43007671,31.19553943,1000,1,1,1,6,39512.2,1,588.93,1.0,high,1,pending,C:\PV\outputs\experiments\mall_pv_potential_screening\20260713_shanghai_A_bdappv_singlemap_v2\images,C:\PV\outputs\experiments\mall_pv_potential_screening\20260713_shanghai_A_bdappv_singlemap_v2\images\review_mosaics\mall_1384_review_mosaic.jpg,single_map_z18+roof_heuristic_v0+pv_bdappv,One complete high-resolution map; PV uses BDAPPV; roof potential uses OpenCV; manual review required,ok,
20260713_shanghai_A_bdappv_singlemap_v2,1415,上海港汇恒隆广场,121.43243546,31.19673632,1000,1,1,1,6,63554.89,0,0.0,1.0,high,1,pending,C:\PV\outputs\experiments\mall_pv_potential_screening\20260713_shanghai_A_bdappv_singlemap_v2\images,C:\PV\outputs\experiments\mall_pv_potential_screening\20260713_shanghai_A_bdappv_singlemap_v2\images\review_mosaics\mall_1415_review_mosaic.jpg,single_map_z18+roof_heuristic_v0+pv_bdappv,One complete high-resolution map; PV uses BDAPPV; roof potential uses OpenCV; manual review required,ok,
20260713_shanghai_A_bdappv_singlemap_v2,1436,上海首位SHOWAY一期,121.28829758,31.19173809,1000,1,1,1,5,1171541.74,1,2045.1,1.0,high,1,pending,C:\PV\outputs\experiments\mall_pv_potential_screening\20260713_shanghai_A_bdappv_singlemap_v2\images,C:\PV\outputs\experiments\mall_pv_potential_screening\20260713_shanghai_A_bdappv_singlemap_v2\images\review_mosaics\mall_1436_review_mosaic.jpg,single_map_z18+roof_heuristic_v0+pv_bdappv,One complete high-resolution map; PV uses BDAPPV; roof potential uses OpenCV; manual review required,ok,
20260713_shanghai_A_bdappv_singlemap_v2,1488,上海莘庄维璟印象城,121.35918068,31.13282578,1000,1,1,1,11,169891.15,1,515.24,1.0,high,1,pending,C:\PV\outputs\experiments\mall_pv_potential_screening\20260713_shanghai_A_bdappv_singlemap_v2\images,C:\PV\outputs\experiments\mall_pv_potential_screening\20260713_shanghai_A_bdappv_singlemap_v2\images\review_mosaics\mall_1488_review_mosaic.jpg,single_map_z18+roof_heuristic_v0+pv_bdappv,One complete high-resolution map; PV uses BDAPPV; roof potential uses OpenCV; manual review required,ok,
